date_id,full_date,day,month,month_name,quarter,year,day_of_week,is_weekend,fiscal_year
20221017,2022-10-17,17.0,10,October,Q4,2022,Monday,False,FY2023
20230130,2023-01-30,30.0,1,January,Q1,2023,Monday,False,fy2023
20241107,2024-11-07,7.0,11,november,  q4,2024,Thursday,False,  FY2025
20230816,2023-08-16,16.0,8,August,  Q3  ,2023,Wednesday,False,FY2024
20220329,2022-03-29,29.0,3,March,Q1,2022,Tuesday,False,FY2022
20231219,2023-12-19,19.0,12,December,Q4,2023,Tuesday,False,FY2024
20211107,2021-11-07,7.0,11,November,Q4,2021,Sunday,True,FY2022
20220502,2022-05-02,2.0,5,May,Q2,2022,  Monday  ,,FY2023
20210820,2021-08-20,20.0,8,August,Q3,2021,Friday,False,FY2022
20221207,2022-12-07,7.0,12,december,Q4,2022,Wednesday,False,FY2023
20241206,2024-12-06,6.0,12,December   ,Q4,2024,Friday,False,FY2025
20210329,2021-03-29,,3,March,Q1,2021,monday   ,False,FY2021
20240228,2024-02-28,28.0,2,February,Q1,2024,WEDNESDAY,False,FY2024
20211010,2021-10-10,10.0,10,October,Q4,2021,SUNDAY,True,FY2022
20240626,2024-06-26,26.0,6,june,Q2,2024,Wednesday,False,FY2025
20220913,2022-09-13,13.0,9,  September  ,Q3,2022,Tuesday,False,FY2023
20211029,2021-10-29,29.0,10,October,Q4,2021,Friday,False,FY2022
20241008,2024-10-08,8.0,10,October,Q4,2024,Tuesday,False,FY2025
20210218,2021-02-18,18.0,2,February,q1,2021,Thursday,False,FY2021
20210518,2021-05-18,18.0,5,May,q2,2021,TUESDAY,False,FY2022
20220929,2022-09-29,29.0,9,September,Q3,2022,Thursday,False,FY2023
20210501,2021-05-01,1.0,5,May,Q2,2021,Saturday,True,FY2022
20220803,2022-08-03,3.0,8,August,Q3,2022,Wednesday,False,FY2023
20210710,2021-07-10,10.0,7,July,Q3,2021,Saturday   ,True,FY2022
20231024,2023-10-24,24.0,10,October,Q4,2023,Tuesday,False,FY2024
20210628,2021-06-28,28.0,6,June,Q2,2021,monday   ,,FY2022
20240901,2024-09-01,1.0,9,September,Q3,2024,Sunday,True,FY2025
20210217,2021-02-17,17.0,2,February,Q1,2021,Wednesday,,FY2021
20230119,2023-01-19,19.0,1,  JANUARY,Q1,2023,Thursday,False,FY2023
20221023,2022-10-23,23.0,10,  OCTOBER,Q4,2022,Sunday,True,FY2023
20231013,2023-10-13,13.0,10,October,Q4,2023,Friday,False,FY2024
20220519,2022-05-19,19.0,5,  may,Q2,2022,Thursday,False,FY2023
20221006,2022-10-06,6.0,10,October   ,Q4,2022,Thursday,False,FY2023
20211106,2021-11-06,6.0,11,November,Q4,2021,Saturday,True,FY2022   
20240713,2024-07-13,13.0,7,July,Q3   ,2024,Saturday,True,FY2025
20211030,2021-10-30,30.0,10,October,Q4,2021,Saturday,True,FY2022
20210701,2021-07-01,1.0,7,July,Q3,2021,thursday,False,FY2022
20210929,2021-09-29,29.0,9,September,Q3,2021,  Wednesday,False,FY2022
20240614,2024-06-14,14.0,6,June,Q2,2024,Friday,False,FY2025
20230509,2023-05-09,9.0,5,MAY,Q2,2023,  Tuesday  ,False,FY2024
20230818,2023-08-18,18.0,8,August,Q3,2023,  Friday  ,False,FY2024
20240331,2024-03-31,31.0,3,March,Q1,2024,Sunday,True,FY2024
20231205,2023-12-05,5.0,12,December,  Q4,2023,Tuesday,False,FY2024
20220122,2022-01-22,22.0,1,January,Q1,2022,  saturday,True,FY2022
20240130,2024-01-30,30.0,1,January,Q1,2024,Tuesday,False,fy2024
20220905,2022-09-05,5.0,9,September,Q3,2022,Monday,,FY2023
20231025,2023-10-25,25.0,10,October,Q4,2023,Wednesday,False,fy2024
20230703,2023-07-03,3.0,7,july,Q3,2023,Monday,False,FY2024
20240630,2024-06-30,30.0,6,JUNE,Q2,2024,Sunday,True,FY2025
20241108,2024-11-08,8.0,11,November,Q4,2024,Friday,,FY2025
20230415,2023-04-15,15.0,4,April,Q2,2023,Saturday,True,FY2024
20240412,2024-04-12,12.0,4,  April  ,  Q2  ,2024,Friday,False,FY2025
20220820,2022-08-20,20.0,8,August,Q3,2022,Saturday,True,Fy2023
20241123,2024-11-23,23.0,11,November,Q4,2024,Saturday,True,FY2025
20240711,2024-07-11,11.0,7,July,Q3,2024,Thursday,,FY2025
20240414,2024-04-14,14.0,4,April,Q2,2024,Sunday,,FY2025
20211215,2021-12-15,15.0,12,December,Q4,2021,Wednesday,False,FY2022
20210714,2021-07-14,14.0,7,July   ,  q3  ,2021,Wednesday,False,FY2022
20231004,2023-10-04,4.0,10,October,  Q4,2023,Wednesday,False,Fy2024
20240331,2024-03-31,31.0,3,March,Q1,2024,Sunday,True,FY2024
20210413,2021-04-13,13.0,4,April,Q2,2021,Tuesday,False,FY2022
20230614,2023-06-14,14.0,6,June,Q2,2023,Wednesday,False,FY2024
20220612,2022-06-12,12.0,6,June,Q2,2022,sunday,,FY2023
20221228,2022-12-28,28.0,12,December,Q4,2022,Wednesday,False,FY2023
20241026,2024-10-26,26.0,10,  October,q4,2024,Saturday,True,Fy2025
20241002,2024-10-02,2.0,10,October,Q4,2024,Wednesday,False,FY2025
20230802,2023-08-02,2.0,8,August,Q3,2023,  Wednesday  ,False,FY2024
20240108,2024-01-08,,1,JANUARY,Q1,2024,Monday,False,FY2024
20240410,2024-04-10,,4,APRIL,Q2,2024,Wednesday   ,False,Fy2025
20240404,2024-04-04,4.0,4,April,Q2,2024,Thursday,,FY2025
20240927,2024-09-27,27.0,9,September,Q3,2024,friday   ,False,  FY2025
20210812,2021-08-12,12.0,8,August,Q3,2021,Thursday,,FY2022
20220301,2022-03-01,1.0,3,March,Q1,2022,Tuesday,False,FY2022
20211111,2021-11-11,11.0,11,November,Q4,2021,Thursday,False,FY2022
20240803,2024-08-03,3.0,8,August,Q3,2024,Saturday,True,FY2025
20221209,2022-12-09,9.0,12,December,Q4,2022,  friday  ,False,FY2023
20220118,2022-01-18,18.0,1,January,Q1,2022,Tuesday,False,FY2022
20210226,2021-02-26,26.0,2,February,q1,2021,Friday,,FY2021
20220211,2022-02-11,11.0,2,February,Q1,2022,Friday,False,FY2022
20220622,2022-06-22,,6,June,Q2,2022,  Wednesday,False,FY2023
20240121,2024-01-21,21.0,1,  January,Q1,2024,Sunday,True,FY2024
20240319,2024-03-19,19.0,3,March,Q1,2024,Tuesday   ,False,FY2024
20220816,2022-08-16,16.0,8,August,Q3,2022,Tuesday,False,FY2023
20240623,2024-06-23,23.0,6,June,Q2,2024,Sunday,True,FY2025
20210916,2021-09-16,16.0,9,September,Q3,2021,Thursday,False,FY2022
20241007,2024-10-07,7.0,10,october,Q4   ,2024,Monday   ,False,FY2025
20220613,2022-06-13,13.0,6,June,Q2,2022,Monday,False,FY2023
20230715,2023-07-15,15.0,7,July   ,Q3,2023,Saturday,True,FY2024
20231123,2023-11-23,23.0,11,  November,Q4,2023,THURSDAY,False,FY2024
20210419,2021-04-19,19.0,4,April,Q2,2021,Monday,False,FY2022
20230128,2023-01-28,28.0,1,January,Q1,2023,  Saturday,True,FY2023
20241120,2024-11-20,20.0,11,November,Q4,2024,Wednesday   ,False,FY2025
20230505,2023-05-05,5.0,5,May,q2,2023,Friday,False,FY2024
20240728,2024-07-28,28.0,7,July,Q3,2024,sunday,True,FY2025
20220307,2022-03-07,7.0,3,March,Q1,2022,MONDAY,False,FY2022
20240202,2024-02-02,2.0,2,February,Q1,2024,Friday,False,FY2024
20220308,2022-03-08,8.0,3,  March  ,Q1,2022,Tuesday,False,FY2022
20221104,2022-11-04,4.0,11,  November,Q4,2022,Friday,False,FY2023
20240111,2024-01-11,11.0,1,January,Q1,2024,Thursday,False,FY2024
20240222,2024-02-22,22.0,2,February,Q1,2024,Thursday,False,FY2024
20221013,2022-10-13,,10,october,Q4,2022,Thursday,False,FY2023
20231012,2023-10-12,12.0,10,October,Q4   ,2023,Thursday,False,FY2024
20220104,2022-01-04,4.0,1,January,Q1,2022,Tuesday,False,FY2022
20240325,2024-03-25,25.0,3,March,Q1,2024,  Monday,,FY2024   
20230406,2023-04-06,6.0,4,April,Q2,2023,Thursday,False,FY2024
20221018,2022-10-18,18.0,10,October,Q4,2022,Tuesday,False,FY2023
20221007,2022-10-07,7.0,10,October,Q4,2022,Friday,False,FY2023
20230512,2023-05-12,12.0,5,may,Q2,2023,Friday,False,FY2024
20220918,2022-09-18,18.0,9,September,Q3,2022,Sunday,True,FY2023
20240621,2024-06-21,21.0,6,June,Q2,2024,Friday,False,FY2025
20210525,2021-05-25,25.0,5,May,Q2,2021,Tuesday,False,FY2022
20220823,2022-08-23,23.0,8,August,Q3,2022,TUESDAY,False,FY2023
20230314,2023-03-14,14.0,3,March,Q1,2023,TUESDAY,False,FY2023
20230622,2023-06-22,22.0,6,June,Q2,2023,Thursday,False,FY2024
20230717,2023-07-17,17.0,7,July,Q3,2023,Monday,False,  FY2024
20230503,2023-05-03,3.0,5,May,Q2,2023,Wednesday,,FY2024   
20220708,2022-07-08,8.0,7,July,Q3,2022,Friday,False,FY2023   
20220906,2022-09-06,6.0,9,September,Q3,2022,  Tuesday,False,FY2023
20241109,2024-11-09,9.0,11,November,Q4,2024,Saturday,True,FY2025
20230107,2023-01-07,7.0,1,January,Q1,2023,Saturday,True,fy2023
20210422,2021-04-22,22.0,4,april,Q2,2021,Thursday,False,FY2022
20210712,2021-07-12,12.0,7,July,Q3,2021,monday,False,FY2022
20220121,2022-01-21,21.0,1,January,q1,2022,Friday,False,fy2022   
20241030,2024-10-30,30.0,10,October,  Q4,2024,Wednesday,False,FY2025
20240910,2024-09-10,10.0,9,September,q3,2024,Tuesday,False,FY2025
20220219,2022-02-19,19.0,2,february,Q1,2022,SATURDAY,True,FY2022
20210611,2021-06-11,11.0,6,June,  Q2,2021,Friday,False,fy2022
20240526,2024-05-26,26.0,5,May,Q2,2024,Sunday,True,FY2025
20220907,2022-09-07,7.0,9,September,Q3,2022,Wednesday,False,FY2023
20230325,2023-03-25,25.0,3,March,Q1,2023,Saturday,True,FY2023
20210317,2021-03-17,17.0,3,March,Q1,2021,Wednesday,,FY2021
20221125,2022-11-25,,11,November,Q4,2022,Friday,False,FY2023
20240620,2024-06-20,20.0,6,June,Q2,2024,Thursday,False,FY2025
20230402,2023-04-02,2.0,4,April,Q2,2023,SUNDAY,True,FY2024
20231023,2023-10-23,23.0,10,  October,Q4,2023,Monday,False,FY2024
20220205,2022-02-05,5.0,2,February,Q1,2022,Saturday,True,FY2022
20210404,2021-04-04,4.0,4,April,Q2,2021,  Sunday  ,True,FY2022
20220526,2022-05-26,26.0,5,MAY,Q2,2022,Thursday,False,fy2023
20220102,2022-01-02,2.0,1,January,Q1,2022,Sunday,True,FY2022
20240805,2024-08-05,,8,August,Q3,2024,Monday,False,FY2025
20211228,2021-12-28,28.0,12,December,Q4,2021,TUESDAY,False,FY2022
20220919,2022-09-19,19.0,9,September,Q3,2022,Monday,False,fy2023
20211118,2021-11-18,18.0,11,November,Q4,2021,Thursday,False,FY2022
20220809,2022-08-09,9.0,8,AUGUST,Q3,2022,Tuesday,False,FY2023
20230925,2023-09-25,25.0,9,September,Q3,2023,Monday,,FY2024
20221110,2022-11-10,10.0,11,November,Q4,2022,Thursday,False,FY2023
20210207,2021-02-07,7.0,2,February,Q1,2021,Sunday   ,True,FY2021
20230209,2023-02-09,9.0,2,February,Q1,2023,Thursday,False,FY2023
20230918,2023-09-18,18.0,9,September,Q3,2023,monday,False,FY2024
20230924,2023-09-24,24.0,9,September,Q3,2023,Sunday,True,FY2024
20211101,2021-11-01,1.0,11,November,Q4,2021,Monday,,FY2022
20221210,2022-12-10,10.0,12,December   ,Q4,2022,Saturday,True,FY2023
20220601,2022-06-01,1.0,6,June,Q2,2022,Wednesday,False,FY2023
20211007,2021-10-07,7.0,10,October,Q4,2021,Thursday,False,FY2022
20220619,2022-06-19,,6,JUNE,Q2,2022,Sunday,,FY2023
20230302,2023-03-02,2.0,3,March,Q1,2023,Thursday,False,FY2023
20220226,2022-02-26,26.0,2,February,Q1,2022,Saturday,True,FY2022
20230914,2023-09-14,14.0,9,september,Q3,2023,Thursday,False,FY2024
20210109,2021-01-09,9.0,1,JANUARY,Q1,2021,Saturday,True,FY2021
20210826,2021-08-26,26.0,8,August,Q3,2021,Thursday,False,FY2022
20230904,2023-09-04,4.0,9,September,Q3,2023,Monday,False,FY2024
20220426,2022-04-26,26.0,4,April,Q2,2022,Tuesday,False,FY2023
20230601,2023-06-01,1.0,6,june,Q2,2023,Thursday,False,FY2024
20240326,2024-03-26,26.0,3,March,Q1   ,2024,TUESDAY,,FY2024
20230521,2023-05-21,21.0,5,May,Q2,2023,Sunday,True,FY2024
20221006,2022-10-06,6.0,10,October   ,Q4,2022,Thursday,False,FY2023
20230214,2023-02-14,14.0,2,February,  Q1,2023,Tuesday,False,FY2023   
20240118,2024-01-18,18.0,1,January,Q1,2024,Thursday,False,FY2024
20230920,2023-09-20,20.0,9,September,Q3,2023,  wednesday,False,FY2024
20210706,2021-07-06,6.0,7,July,Q3,2021,Tuesday,False,FY2022
20210302,2021-03-02,2.0,3,March,Q1,2021,  TUESDAY  ,False,FY2021
20240619,2024-06-19,19.0,6,  JUNE  ,Q2,2024,Wednesday,False,FY2025
20221115,2022-11-15,15.0,11,NOVEMBER,Q4,2022,Tuesday,False,FY2023
20240827,2024-08-27,27.0,8,August,Q3,2024,Tuesday,False,FY2025
20240327,2024-03-27,27.0,3,March,Q1,2024,Wednesday,False,FY2024
20230702,2023-07-02,2.0,7,July,Q3,2023,Sunday,True,FY2024
20240613,2024-06-13,13.0,6,June,Q2,2024,THURSDAY,,FY2025
20221101,2022-11-01,1.0,11,November,Q4,2022,TUESDAY,False,FY2023
20220822,2022-08-22,22.0,8,August,Q3,2022,Monday,False,FY2023
20241216,2024-12-16,16.0,12,December,Q4,2024,MONDAY   ,,FY2025
20241227,2024-12-27,27.0,12,December,Q4,2024,Friday,False,FY2025
20230306,2023-03-06,6.0,3,March,Q1,2023,Monday,False,FY2023
20210507,2021-05-07,7.0,5,May,Q2,2021,Friday,False,FY2022
20220513,2022-05-13,13.0,5,May,Q2,2022,Friday,False,FY2023
20231105,2023-11-05,5.0,11,November   ,Q4,2023,Sunday,True,FY2024
20230226,2023-02-26,,2,February,Q1,2023,Sunday,True,FY2023
20210409,2021-04-09,9.0,4,April,Q2,2021,Friday,False,FY2022
20240923,2024-09-23,,9,  September  ,Q3,2024,Monday,False,FY2025
20240704,2024-07-04,4.0,7,JULY,Q3,2024,thursday,False,FY2025
20220730,2022-07-30,30.0,7,July,Q3,2022,Saturday,True,FY2023
20240926,2024-09-26,26.0,9,SEPTEMBER,Q3,2024,Thursday,False,FY2025
20241029,2024-10-29,29.0,10,october,Q4,2024,Tuesday,False,FY2025
20210608,2021-06-08,8.0,6,June,Q2,2021,Tuesday,False,  FY2022  
20230320,2023-03-20,20.0,3,March,Q1,2023,MONDAY,False,fy2023
20230910,2023-09-10,10.0,9,September,Q3,2023,Sunday,True,FY2024
20240716,2024-07-16,16.0,7,July,Q3,2024,Tuesday,False,FY2025
20230528,2023-05-28,28.0,5,May,Q2,2023,sunday,True,FY2024
20221006,2022-10-06,6.0,10,October   ,Q4,2022,Thursday,False,FY2023
20241215,2024-12-15,15.0,12,December,Q4,2024,Sunday,True,FY2025
20230327,2023-03-27,27.0,3,March,Q1,2023,Monday,False,FY2023
20230922,2023-09-22,22.0,9,September,Q3,2023,Friday,,FY2024
20220101,2022-01-01,1.0,1,January,Q1,2022,Saturday,True,FY2022
20230827,2023-08-27,27.0,8,August,  Q3,2023,Sunday,True,FY2024
20241027,2024-10-27,,10,  October,Q4,2024,Sunday,True,FY2025
20210627,2021-06-27,27.0,6,June,Q2,2021,Sunday,True,FY2022
20240606,2024-06-06,6.0,6,June,Q2,2024,  Thursday,False,FY2025
20220103,2022-01-03,3.0,1,January,Q1,2022,Monday,False,FY2022
20240220,2024-02-20,20.0,2,February,Q1,2024,Tuesday,False,FY2024
20210722,2021-07-22,22.0,7,July,Q3,2021,Thursday,,FY2022
20210324,2021-03-24,24.0,3,March,Q1,2021,Wednesday,False,FY2021
20220312,2022-03-12,12.0,3,March,Q1,2022,Saturday,True,FY2022
20220929,2022-09-29,29.0,9,September,Q3,2022,Thursday,False,FY2023
20240905,2024-09-05,5.0,9,september,Q3,2024,  Thursday  ,False,FY2025
20220111,2022-01-11,11.0,1,January,Q1,2022,Tuesday,False,FY2022
20221106,2022-11-06,6.0,11,November,Q4,2022,sunday,True,FY2023
20220811,2022-08-11,11.0,8,August,Q3,2022,  Thursday,False,FY2023
20210410,2021-04-10,10.0,4,April,Q2,2021,  Saturday,True,FY2022
20241010,2024-10-10,10.0,10,October,Q4,2024,Thursday,False,FY2025
20241231,2024-12-31,31.0,12,december,Q4,2024,Tuesday,False,FY2025
20240625,2024-06-25,25.0,6,June,Q2,2024,Tuesday,False,Fy2025   
20211003,2021-10-03,3.0,10,October,q4,2021,Sunday,True,  FY2022  
20240816,2024-08-16,16.0,8,AUGUST,Q3,2024,Friday,False,FY2025
20230502,2023-05-02,2.0,5,May,Q2,2023,Tuesday,False,FY2024
20241014,2024-10-14,14.0,10,October,Q4,2024,Monday,False,FY2025
20230523,2023-05-23,23.0,5,may,Q2,2023,Tuesday,False,fy2024   
20210830,2021-08-30,30.0,8,august,  Q3,2021,Monday,False,FY2022
20220718,2022-07-18,18.0,7,July,Q3,2022,Monday,,FY2023
20230825,2023-08-25,25.0,8,August,Q3,2023,Friday,False,FY2024
20211226,2021-12-26,26.0,12,December,Q4,2021,Sunday,True,fy2022   
20240221,2024-02-21,21.0,2,February,Q1,2024,wednesday,False,FY2024
20231223,2023-12-23,23.0,12,December,Q4,2023,SATURDAY   ,True,FY2024
20210514,2021-05-14,14.0,5,May,Q2,2021,Friday,False,FY2022
20240717,2024-07-17,17.0,7,  July  ,Q3,2024,Wednesday,False,FY2025
20230807,2023-08-07,7.0,8,  August  ,Q3,2023,monday,False,FY2024
20210816,2021-08-16,16.0,8,August,Q3,2021,Monday,False,FY2022
20210925,2021-09-25,25.0,9,September,Q3,2021,Saturday,,FY2022
20220108,2022-01-08,8.0,1,January,  Q1,2022,SATURDAY,True,FY2022
20220826,2022-08-26,26.0,8,August,Q3,2022,Friday,False,FY2023
20210402,2021-04-02,2.0,4,April,Q2,2021,Friday,False,FY2022
20220713,2022-07-13,13.0,7,July,Q3,2022,Wednesday,False,FY2023
20230427,2023-04-27,27.0,4,April,Q2,2023,Thursday,False,FY2024
20240503,2024-05-03,3.0,5,MAY,Q2,2024,Friday,False,FY2025
20230831,2023-08-31,31.0,8,  august  ,Q3,2023,Thursday,False,FY2024
20240218,2024-02-18,18.0,2,February,Q1,2024,  Sunday,True,FY2024
20230809,2023-08-09,9.0,8,August,  Q3,2023,Wednesday,False,FY2024
20220702,2022-07-02,2.0,7,July,Q3,2022,  Saturday  ,True,FY2023
20230710,2023-07-10,10.0,7,July,Q3,2023,Monday,False,FY2024
20211025,2021-10-25,25.0,10,october,Q4,2021,Monday,False,FY2022
20231207,2023-12-07,7.0,12,  December,Q4,2023,Thursday,False,FY2024
20211013,2021-10-13,,10,  October,Q4,2021,Wednesday,False,FY2022
20210223,2021-02-23,23.0,2,february,Q1,2021,Tuesday,False,FY2021
20240917,2024-09-17,17.0,9,September,Q3,2024,Tuesday,False,  FY2025  
20210112,2021-01-12,12.0,1,January,Q1,2021,Tuesday,False,FY2021
20231114,2023-11-14,14.0,11,November,Q4,2023,Tuesday,False,Fy2024
20211009,2021-10-09,9.0,10,October,Q4,2021,Saturday,True,FY2022
20211218,2021-12-18,18.0,12,December   ,Q4,2021,Saturday,,  fy2022
20230222,2023-02-22,22.0,2,February,Q1,2023,Wednesday,False,FY2023
20210804,2021-08-04,4.0,8,August,Q3,2021,Wednesday,,FY2022
20211208,2021-12-08,,12,December,  Q4,2021,Wednesday,False,FY2022
20221205,2022-12-05,5.0,12,December,Q4,2022,Monday,False,FY2023
20210418,2021-04-18,18.0,4,April,Q2,2021,Sunday,True,FY2022
20220820,2022-08-20,20.0,8,August,Q3,2022,Saturday,True,Fy2023
20210307,2021-03-07,7.0,3,March,Q1,2021,Sunday,True,  FY2021
20240519,2024-05-19,19.0,5,May,Q2,2024,Sunday,True,  FY2025  
20220319,2022-03-19,19.0,3,March,Q1,2022,Saturday,True,FY2022
20210617,2021-06-17,17.0,6,June,Q2,2021,Thursday,False,FY2022
20230208,2023-02-08,8.0,2,february,Q1,2023,Wednesday,False,FY2023
20211020,2021-10-20,20.0,10,October,Q4,2021,  Wednesday,False,  FY2022  
20220621,2022-06-21,21.0,6,June,Q2,2022,tuesday,False,FY2023
20210922,2021-09-22,22.0,9,September,Q3,2021,Wednesday,False,FY2022
20220717,2022-07-17,17.0,7,July,Q3,2022,  Sunday,,FY2023
20211226,2021-12-26,26.0,12,December,Q4,2021,Sunday,True,fy2022   
20240523,2024-05-23,23.0,5,May,Q2,2024,Thursday,False,Fy2025
20221220,2022-12-20,20.0,12,December,  Q4,2022,  Tuesday,,FY2023
20210926,2021-09-26,26.0,9,September,Q3,2021,Sunday,True,FY2022
20221213,2022-12-13,13.0,12,December,Q4,2022,Tuesday,False,FY2023
20210104,2021-01-04,4.0,1,January   ,Q1,2021,Monday,False,FY2021
20220813,2022-08-13,13.0,8,August,Q3,2022,Saturday,True,FY2023
20230121,2023-01-21,21.0,1,January,Q1,2023,  Saturday  ,True,FY2023
20240711,2024-07-11,11.0,7,July,Q3,2024,Thursday,,FY2025
20220528,2022-05-28,28.0,5,May,Q2,2022,Saturday,True,FY2023
20220728,2022-07-28,28.0,7,July,Q3,2022,Thursday,False,FY2023
20240312,2024-03-12,12.0,3,March,Q1,2024,Tuesday,False,FY2024
20210906,2021-09-06,6.0,9,September,Q3,2021,  Monday,,FY2022
20220125,2022-01-25,25.0,1,January,Q1,2022,Tuesday,False,FY2022
20240120,2024-01-20,20.0,1,  January,Q1,2024,Saturday,True,FY2024
20230130,2023-01-30,30.0,1,January,Q1,2023,Monday,False,fy2023
20211009,2021-10-09,9.0,10,October,Q4,2021,Saturday,True,FY2022
20231001,2023-10-01,1.0,10,October,Q4,2023,Sunday,True,FY2024
20240203,2024-02-03,3.0,2,  February,Q1,2024,Saturday,True,FY2024
20240321,2024-03-21,21.0,3,March,Q1,2024,Thursday,False,FY2024
20211026,2021-10-26,26.0,10,October,Q4,2021,Tuesday   ,False,FY2022
20220630,2022-06-30,30.0,6,June,Q2,2022,Thursday   ,False,fy2023
20240124,2024-01-24,24.0,1,January,  Q1,2024,Wednesday,False,FY2024
20210804,2021-08-04,4.0,8,August,Q3,2021,Wednesday,,FY2022
20220330,2022-03-30,30.0,3,March,q1,2022,Wednesday,False,FY2022
20220311,2022-03-11,11.0,3,March,Q1,2022,Friday,False,FY2022
20240310,2024-03-10,10.0,3,March,Q1,2024,Sunday,True,FY2024
20220410,2022-04-10,10.0,4,April,Q2,2022,Sunday,True,FY2023
20241017,2024-10-17,17.0,10,OCTOBER,Q4,2024,Thursday,False,FY2025
20240115,2024-01-15,15.0,1,January,Q1,2024,Monday,False,FY2024
20211128,2021-11-28,28.0,11,November,Q4,2021,sunday,True,fy2022
20210521,2021-05-21,21.0,5,May,Q2,2021,Friday,,FY2022
20230712,2023-07-12,12.0,7,  july  ,Q3,2023,WEDNESDAY,False,FY2024
20220309,2022-03-09,9.0,3,  March,Q1,2022,Wednesday,False,FY2022
20231006,2023-10-06,6.0,10,October,Q4,2023,Friday,False,FY2024
20210402,2021-04-02,2.0,4,April,Q2,2021,Friday,False,FY2022
20231118,2023-11-18,18.0,11,November,Q4,2023,Saturday,True,FY2024
20220208,2022-02-08,8.0,2,February,Q1,2022,Tuesday,False,FY2022
20220502,2022-05-02,2.0,5,May,Q2,2022,  Monday  ,,FY2023
20210525,2021-05-25,25.0,5,May,Q2,2021,Tuesday,False,FY2022
20220812,2022-08-12,12.0,8,August,Q3,2022,Friday,False,FY2023
20220801,2022-08-01,1.0,8,August,Q3,2022,Monday   ,False,FY2023
20240602,2024-06-02,2.0,6,June,Q2,2024,Sunday,True,FY2025
20230421,2023-04-21,21.0,4,April,  Q2,2023,Friday,False,FY2024
20211122,2021-11-22,22.0,11,November,Q4   ,2021,Monday,,FY2022
20240205,2024-02-05,5.0,2,February   ,Q1,2024,Monday,False,FY2024
20240428,2024-04-28,28.0,4,April,Q2,2024,sunday,True,FY2025
20210707,2021-07-07,7.0,7,JULY   ,  Q3,2021,wednesday   ,False,FY2022
20210101,2021-01-01,1.0,1,January,Q1,2021,Friday,False,FY2021
20240511,2024-05-11,11.0,5,May,Q2,2024,SATURDAY   ,True,FY2025
20230319,2023-03-19,19.0,3,March,Q1,2023,  Sunday  ,True,FY2023   
20220616,2022-06-16,16.0,6,June,q2   ,2022,Thursday,False,FY2023
20221215,2022-12-15,15.0,12,december,Q4,2022,thursday,False,FY2023
20210426,2021-04-26,26.0,4,  APRIL  ,Q2,2021,Monday,False,FY2022
20220324,2022-03-24,24.0,3,march   ,  Q1  ,2022,Thursday,False,FY2022
20230624,2023-06-24,24.0,6,June,Q2,2023,  Saturday  ,True,FY2024   
20230615,2023-06-15,15.0,6,June,Q2,2023,Thursday,False,FY2024   
20210721,2021-07-21,21.0,7,July,Q3,2021,Wednesday,False,FY2022
20211203,2021-12-03,3.0,12,December   ,Q4,2021,Friday,False,FY2022
20210131,2021-01-31,31.0,1,January,Q1,2021,SUNDAY,True,FY2021
20241017,2024-10-17,17.0,10,OCTOBER,Q4,2024,Thursday,False,FY2025
20240322,2024-03-22,22.0,3,March,Q1,2024,Friday,False,FY2024
20231226,2023-12-26,26.0,12,December,Q4,2023,Tuesday,False,FY2024
20220606,2022-06-06,6.0,6,June,Q2,2022,Monday,,FY2023
20211209,2021-12-09,9.0,12,December,Q4,2021,Thursday,False,FY2022
20240325,2024-03-25,25.0,3,March,Q1,2024,  Monday,,FY2024   
20230510,2023-05-10,10.0,5,May,Q2,2023,Wednesday,False,Fy2024
20211021,2021-10-21,21.0,10,October,Q4,2021,Thursday,False,FY2022
20211102,2021-11-02,,11,November,Q4,2021,Tuesday,False,fy2022
20241021,2024-10-21,21.0,10,October,Q4,2024,Monday   ,False,fy2025
20210527,2021-05-27,27.0,5,MAY,Q2,2021,Thursday,False,FY2022
20211127,2021-11-27,27.0,11,November,Q4,2021,Saturday,True,FY2022
20231126,2023-11-26,26.0,11,November,Q4,2023,Sunday,True,FY2024
20240411,2024-04-11,11.0,4,  April,Q2,2024,thursday,False,FY2025
20241019,2024-10-19,19.0,10,  october  ,Q4,2024,saturday,True,FY2025
20240516,2024-05-16,16.0,5,May,Q2,2024,thursday,False,FY2025
20240323,2024-03-23,23.0,3,March,Q1,2024,Saturday,True,FY2024
20221016,2022-10-16,16.0,10,October,Q4,2022,Sunday,True,FY2023
20240601,2024-06-01,1.0,6,June,Q2,2024,Saturday,True,FY2025
20220509,2022-05-09,9.0,5,May   ,Q2,2022,Monday,False,FY2023
20230116,2023-01-16,16.0,1,January,Q1,2023,Monday,False,  FY2023
20210209,2021-02-09,9.0,2,February,Q1,2021,Tuesday,False,FY2021
20220223,2022-02-23,23.0,2,February,Q1,2022,Wednesday,False,FY2022
20211128,2021-11-28,28.0,11,November,Q4,2021,sunday,True,fy2022
20241218,2024-12-18,18.0,12,December,Q4,2024,Wednesday,False,FY2025
20210322,2021-03-22,22.0,3,March,Q1,2021,MONDAY,False,FY2021
20220924,2022-09-24,24.0,9,September,Q3,2022,  Saturday  ,True,FY2023
20240518,2024-05-18,18.0,5,May,Q2,2024,Saturday,True,FY2025
20210412,2021-04-12,12.0,4,April,Q2,2021,Monday,,FY2022
20241209,2024-12-09,9.0,12,  DECEMBER  ,Q4,2024,Monday,False,FY2025
20231018,2023-10-18,18.0,10,October,Q4,2023,Wednesday,,FY2024
20230731,2023-07-31,31.0,7,July,Q3,2023,Monday,False,FY2024
20240627,2024-06-27,27.0,6,June,Q2,2024,Thursday,False,  FY2025
20221219,2022-12-19,,12,December,Q4,2022,monday,False,FY2023
20220529,2022-05-29,29.0,5,May,Q2   ,2022,  Sunday,True,FY2023
20231002,2023-10-02,2.0,10,October,q4,2023,Monday,False,FY2024
20230313,2023-03-13,13.0,3,March,q1,2023,Monday,False,FY2023
20230828,2023-08-28,28.0,8,August,Q3,2023,Monday,False,FY2024
20221103,2022-11-03,3.0,11,November,Q4,2022,Thursday,False,fy2023   
20231028,2023-10-28,28.0,10,October,Q4,2023,saturday,True,FY2024   
20240605,2024-06-05,5.0,6,JUNE,Q2,2024,Wednesday,False,fy2025
20230615,2023-06-15,15.0,6,June,Q2,2023,Thursday,False,FY2024   
20241208,2024-12-08,8.0,12,December,Q4,2024,Sunday,True,FY2025
20210822,2021-08-22,22.0,8,August,Q3,2021,Sunday,True,FY2022
20240610,2024-06-10,10.0,6,June   ,Q2,2024,Monday,False,FY2025
20220213,2022-02-13,13.0,2,february   ,Q1,2022,Sunday,True,FY2022
20211202,2021-12-02,2.0,12,December,q4,2021,Thursday,False,FY2022
20240720,2024-07-20,20.0,7,  July,Q3,2024,Saturday,True,FY2025   
20220220,2022-02-20,20.0,2,February,Q1,2022,  Sunday,True,FY2022
20220424,2022-04-24,24.0,4,April,Q2,2022,Sunday,True,FY2023
20230305,2023-03-05,5.0,3,March,Q1,2023,Sunday,True,FY2023
20220207,2022-02-07,7.0,2,February,Q1,2022,MONDAY,False,FY2022   
20220730,2022-07-30,30.0,7,July,Q3,2022,Saturday,True,FY2023
20211011,2021-10-11,11.0,10,OCTOBER,Q4,2021,monday,False,  FY2022
20211031,2021-10-31,31.0,10,October,Q4,2021,Sunday,True,FY2022
20220711,2022-07-11,11.0,7,July,Q3,2022,Monday,False,FY2023
20210525,2021-05-25,25.0,5,May,Q2,2021,Tuesday,False,FY2022
20240731,2024-07-31,31.0,7,JULY   ,Q3,2024,Wednesday,False,FY2025
20230709,2023-07-09,9.0,7,July,Q3,2023,Sunday,True,FY2024
20210210,2021-02-10,10.0,2,FEBRUARY,Q1,2021,Wednesday,False,FY2021
20240611,2024-06-11,11.0,6,june,Q2,2024,Tuesday,False,FY2025
20210228,2021-02-28,,2,February   ,Q1,2021,Sunday,True,FY2021
20241219,2024-12-19,19.0,12,December,Q4,2024,Thursday,False,FY2025   
20241009,2024-10-09,9.0,10,October   ,Q4,2024,Wednesday,False,FY2025
20230322,2023-03-22,,3,March,Q1,2023,Wednesday,False,FY2023
20210913,2021-09-13,13.0,9,September,Q3,2021,Monday,False,FY2022
20240509,2024-05-09,9.0,5,may,Q2,2024,Thursday,False,fy2025
20240515,2024-05-15,15.0,5,May,Q2,2024,Wednesday,False,FY2025
20231007,2023-10-07,7.0,10,October,  Q4  ,2023,Saturday,True,FY2024
20230219,2023-02-19,19.0,2,February,Q1,2023,Sunday,True,FY2023
20230821,2023-08-21,21.0,8,August,Q3,2023,  MONDAY,False,FY2024
20220901,2022-09-01,1.0,9,September,Q3,2022,Thursday,,FY2023
20211130,2021-11-30,30.0,11,November,Q4,2021,Tuesday,False,FY2022
20240713,2024-07-13,13.0,7,July,Q3   ,2024,Saturday,True,FY2025
20230921,2023-09-21,21.0,9,September,Q3,2023,Thursday,False,FY2024
20220130,2022-01-30,30.0,1,January,  Q1,2022,Sunday,True,FY2022
20240131,2024-01-31,31.0,1,January,Q1,2024,Wednesday,False,FY2024
20210430,2021-04-30,30.0,4,April,Q2,2021,friday,False,FY2022
20221004,2022-10-04,4.0,10,October,Q4,2022,Tuesday,False,FY2023
20230818,2023-08-18,18.0,8,August,Q3,2023,  Friday  ,False,FY2024
20240409,2024-04-09,9.0,4,  April,Q2,2024,Tuesday,,FY2025
20231103,2023-11-03,3.0,11,November,Q4,2023,Friday,False,FY2024
20240414,2024-04-14,14.0,4,April,Q2,2024,Sunday,,FY2025
20230412,2023-04-12,12.0,4,April,Q2,2023,Wednesday,False,FY2024
20220305,2022-03-05,5.0,3,March,Q1,2022,Saturday,True,FY2022
20210619,2021-06-19,19.0,6,June,Q2,2021,Saturday,True,FY2022
20211220,2021-12-20,20.0,12,December,q4,2021,Monday,False,FY2022
20220610,2022-06-10,10.0,6,JUNE,Q2,2022,Friday,False,FY2023   
20240404,2024-04-04,4.0,4,April,Q2,2024,Thursday,,FY2025
20240506,2024-05-06,,5,May,Q2,2024,Monday,False,FY2025
20230328,2023-03-28,28.0,3,March   ,Q1,2023,Tuesday,False,FY2023
20230201,2023-02-01,1.0,2,February,Q1,2023,WEDNESDAY,False,FY2023
20210928,2021-09-28,28.0,9,SEPTEMBER,Q3,2021,  Tuesday,False,FY2022
20220813,2022-08-13,13.0,8,August,Q3,2022,Saturday,True,FY2023
20210824,2021-08-24,24.0,8,August,Q3,2021,Tuesday,False,FY2022
20211129,2021-11-29,29.0,11,November   ,Q4,2021,Monday,False,FY2022
20240430,2024-04-30,30.0,4,April,Q2,2024,Tuesday,False,FY2025
20230331,2023-03-31,31.0,3,March,Q1,2023,FRIDAY,False,FY2023
20231111,2023-11-11,11.0,11,November,Q4,2023,  Saturday,True,FY2024
20220701,2022-07-01,1.0,7,July,Q3,2022,FRIDAY,False,FY2023
20230204,2023-02-04,4.0,2,February,Q1,2023,Saturday,True,FY2023
20240110,2024-01-10,,1,January,Q1,2024,Wednesday,False,FY2024
20210728,2021-07-28,28.0,7,July,q3,2021,Wednesday,False,fy2022
20211016,2021-10-16,16.0,10,October,Q4,2021,Saturday,True,FY2022
20210415,2021-04-15,15.0,4,April,Q2   ,2021,Thursday,False,FY2022
20210825,2021-08-25,25.0,8,August,Q3,2021,  Wednesday,False,FY2022
20241026,2024-10-26,26.0,10,  October,q4,2024,Saturday,True,Fy2025
20220213,2022-02-13,13.0,2,february   ,Q1,2022,Sunday,True,FY2022
20220716,2022-07-16,16.0,7,  July,  Q3,2022,saturday,,FY2023   
20210123,2021-01-23,23.0,1,January,Q1,2021,Saturday,True,FY2021
20210724,2021-07-24,24.0,7,July,q3,2021,Saturday,True,FY2022
20230324,2023-03-24,24.0,3,March,Q1,2023,Friday,False,FY2023
20230414,2023-04-14,14.0,4,April,Q2,2023,Friday,False,FY2024
20230521,2023-05-21,21.0,5,May,Q2,2023,Sunday,True,FY2024
20230923,2023-09-23,23.0,9,September,Q3,2023,Saturday,True,FY2024
20240930,2024-09-30,30.0,9,September,Q3,2024,Monday,False,FY2025
20241229,2024-12-29,29.0,12,December,Q4,2024,Sunday,True,FY2025
20241013,2024-10-13,13.0,10,October,Q4,2024,Sunday,True,FY2025
20230223,2023-02-23,23.0,2,  FEBRUARY,Q1,2023,Thursday,False,FY2023
20240624,2024-06-24,24.0,6,June,Q2,2024,Monday,False,  FY2025  
20231224,2023-12-24,24.0,12,December,q4,2023,Sunday,True,FY2024
20240902,2024-09-02,2.0,9,September,Q3,2024,Monday,False,FY2025
20240604,2024-06-04,4.0,6,June,Q2,2024,  Tuesday,False,FY2025
20210120,2021-01-20,20.0,1,  January,Q1,2021,Wednesday,False,FY2021
20240527,2024-05-27,27.0,5,May,Q2,2024,monday,False,FY2025
20221024,2022-10-24,24.0,10,October,  Q4,2022,Monday   ,False,FY2023
20220408,2022-04-08,8.0,4,April,Q2,2022,Friday,False,FY2023
20220921,2022-09-21,21.0,9,September,Q3,2022,WEDNESDAY   ,False,FY2023
20220620,2022-06-20,20.0,6,June,Q2,2022,MONDAY,False,FY2023
20210323,2021-03-23,23.0,3,March,Q1,2021,Tuesday,False,FY2021
20220925,2022-09-25,25.0,9,September,Q3,2022,SUNDAY   ,True,FY2023
20240324,2024-03-24,24.0,3,March,Q1,2024,Sunday,True,FY2024
20210221,2021-02-21,21.0,2,  February  ,Q1,2021,Sunday   ,True,FY2021
20210917,2021-09-17,17.0,9,September,Q3,2021,Friday   ,False,FY2022
20241210,2024-12-10,10.0,12,December,q4,2024,Tuesday,False,FY2025
20220727,2022-07-27,27.0,7,July   ,Q3,2022,Wednesday,False,FY2023
20220201,2022-02-01,1.0,2,February   ,Q1,2022,Tuesday,False,FY2022
20230812,2023-08-12,12.0,8,August,Q3,2023,Saturday,True,FY2024
20240722,2024-07-22,22.0,7,July,Q3,2024,  Monday  ,False,FY2025
20230108,2023-01-08,8.0,1,January,Q1,2023,Sunday,True,FY2023   
20230628,2023-06-28,28.0,6,June,Q2,2023,Wednesday,False,FY2024
20220325,2022-03-25,25.0,3,March,Q1,2022,Friday,False,FY2022
20220830,2022-08-30,,8,August,Q3   ,2022,Tuesday,False,FY2023
20240221,2024-02-21,21.0,2,February,Q1,2024,wednesday,False,FY2024
20220831,2022-08-31,31.0,8,August,Q3   ,2022,Wednesday,False,Fy2023
20210219,2021-02-19,19.0,2,February,Q1,2021,Friday,False,FY2021
20210405,2021-04-05,5.0,4,  april,Q2,2021,Monday,False,FY2022
20230830,2023-08-30,30.0,8,August,Q3,2023,Wednesday   ,False,FY2024
20240129,2024-01-29,29.0,1,January,Q1,2024,Monday,False,FY2024
20211027,2021-10-27,27.0,10,October,Q4,2021,Wednesday,,FY2022
20240411,2024-04-11,11.0,4,  April,Q2,2024,thursday,False,FY2025
20240329,2024-03-29,29.0,3,March,Q1,2024,Friday,False,FY2024
20231009,2023-10-09,9.0,10,  OCTOBER,Q4,2023,Monday,,FY2024
20221226,2022-12-26,,12,December,Q4,2022,Monday,False,FY2023
20231126,2023-11-26,26.0,11,November,Q4,2023,Sunday,True,FY2024
20241127,2024-11-27,27.0,11,November,Q4,2024,Wednesday,False,FY2025
20241224,2024-12-24,24.0,12,December,Q4,2024,tuesday,False,FY2025
20220323,2022-03-23,23.0,3,  MARCH,  Q1  ,2022,Wednesday,False,FY2022
20240522,2024-05-22,22.0,5,May,Q2,2024,Wednesday,False,FY2025
20210815,2021-08-15,15.0,8,August,Q3,2021,Sunday,True,FY2022
20231008,2023-10-08,8.0,10,October   ,Q4,2023,Sunday,,FY2024
20220916,2022-09-16,16.0,9,September,Q3,2022,Friday,False,FY2023
20240420,2024-04-20,20.0,4,April,q2,2024,  SATURDAY,True,FY2025
20240603,2024-06-03,3.0,6,june,Q2,2024,monday,False,FY2025
20240703,2024-07-03,3.0,7,July,Q3,2024,  wednesday,False,FY2025
20210118,2021-01-18,18.0,1,January,Q1,2021,  Monday,False,FY2021
20220523,2022-05-23,23.0,5,May,Q2,2022,Monday,False,FY2023
20230508,2023-05-08,8.0,5,MAY,Q2,2023,Monday   ,False,FY2024
20220606,2022-06-06,6.0,6,June,Q2,2022,Monday,,FY2023
20230124,2023-01-24,24.0,1,January,Q1,2023,Tuesday   ,,FY2023
20230911,2023-09-11,11.0,9,September,Q3,2023,Monday,False,FY2024
20230610,2023-06-10,10.0,6,June,Q2,2023,Saturday,True,FY2024
20230711,2023-07-11,11.0,7,July,q3,2023,Tuesday,False,FY2024
20240404,2024-04-04,4.0,4,April,Q2,2024,Thursday,,FY2025
20240309,2024-03-09,9.0,3,March,Q1,2024,Saturday,True,FY2024
20240416,2024-04-16,16.0,4,April,Q2,2024,  tuesday,False,FY2025
20240330,2024-03-30,30.0,3,March,Q1,2024,Saturday,True,FY2024
20210817,2021-08-17,17.0,8,AUGUST,q3,2021,tuesday,False,FY2022
20241215,2024-12-15,15.0,12,December,Q4,2024,Sunday,True,FY2025
20241031,2024-10-31,31.0,10,October,  Q4,2024,Thursday,False,FY2025
20230525,2023-05-25,25.0,5,May,Q2,2023,Thursday,False,FY2024
20220605,2022-06-05,5.0,6,June,Q2,2022,sunday,,FY2023
20230820,2023-08-20,20.0,8,August,Q3,2023,SUNDAY,True,FY2024
20211014,2021-10-14,14.0,10,October,Q4,2021,Thursday,False,FY2022
20220912,2022-09-12,,9,September,Q3,2022,Monday,False,FY2023
20210117,2021-01-17,17.0,1,January,Q1,2021,Sunday,True,FY2021
20240303,2024-03-03,3.0,3,March,Q1,2024,Sunday,True,FY2024
20241228,2024-12-28,28.0,12,December,  Q4,2024,Saturday,True,FY2025
20240929,2024-09-29,,9,September,Q3,2024,Sunday,True,FY2025
20240518,2024-05-18,18.0,5,May,Q2,2024,Saturday,True,FY2025
20220726,2022-07-26,26.0,7,July,Q3,2022,Tuesday,False,FY2023
20221130,2022-11-30,30.0,11,NOVEMBER,Q4,2022,Wednesday,False,FY2023
20210516,2021-05-16,16.0,5,May,Q2,2021,Sunday,True,  FY2022
20241113,2024-11-13,13.0,11,november,Q4,2024,Wednesday,False,FY2025
20241214,2024-12-14,14.0,12,december,Q4,2024,Saturday,True,FY2025
20210731,2021-07-31,,7,July,Q3,2021,Saturday,True,FY2022
20240109,2024-01-09,9.0,1,January   ,Q1,2024,Tuesday,False,FY2024
20220904,2022-09-04,4.0,9,  SEPTEMBER  ,Q3,2022,Sunday,True,FY2023
20231029,2023-10-29,29.0,10,October,Q4,2023,Sunday,True,FY2024
20210330,2021-03-30,30.0,3,  March,Q1,2021,TUESDAY,False,FY2021
20230211,2023-02-11,11.0,2,  FEBRUARY,Q1,2023,Saturday,True,FY2023
20211026,2021-10-26,26.0,10,October,Q4,2021,Tuesday   ,False,FY2022
20230907,2023-09-07,7.0,9,September,  Q3,2023,Thursday,False,FY2024
20240603,2024-06-03,3.0,6,june,Q2,2024,monday,False,FY2025
20230203,2023-02-03,3.0,2,February,Q1,2023,friday,False,FY2023
20230726,2023-07-26,26.0,7,July,Q3,2023,Wednesday,False,fy2024
20221209,2022-12-09,9.0,12,December,Q4,2022,  friday  ,False,FY2023
20210215,2021-02-15,15.0,2,February,Q1,2021,Monday,False,FY2021   
20241103,2024-11-03,3.0,11,November,Q4,2024,Sunday,True,FY2025
20230204,2023-02-04,4.0,2,February,Q1,2023,Saturday,True,FY2023
20230719,2023-07-19,19.0,7,July,Q3,2023,Wednesday,False,FY2024
20220311,2022-03-11,11.0,3,March,Q1,2022,Friday,False,FY2022
20220613,2022-06-13,13.0,6,June,Q2,2022,Monday,False,FY2023
20210617,2021-06-17,17.0,6,June,Q2,2021,Thursday,False,FY2022
20220710,2022-07-10,10.0,7,July,Q3,2022,  Sunday,True,FY2023
20220427,2022-04-27,27.0,4,April,Q2,2022,Wednesday,False,FY2023
20210613,2021-06-13,13.0,6,June,Q2,2021,Sunday,True,FY2022
20230816,2023-08-16,16.0,8,August,  Q3  ,2023,Wednesday,False,FY2024
20240510,2024-05-10,10.0,5,May,q2,2024,Friday,False,FY2025
20210421,2021-04-21,21.0,4,April,Q2,2021,wednesday,False,FY2022
20231208,2023-12-08,8.0,12,December,Q4,2023,Friday   ,False,FY2024
20231101,2023-11-01,1.0,11,November,Q4,2023,Wednesday,False,FY2024
20240426,2024-04-26,26.0,4,April,Q2,2024,Friday,False,FY2025
20230618,2023-06-18,18.0,6,June,Q2,2023,SUNDAY,True,FY2024
20220927,2022-09-27,27.0,9,September,Q3,2022,tuesday,False,FY2023
20210304,2021-03-04,4.0,3,March,Q1,2021,Thursday,False,FY2021
20230303,2023-03-03,3.0,3,  March,Q1,2023,  Friday,False,  FY2023  
20211129,2021-11-29,29.0,11,November   ,Q4,2021,Monday,False,FY2022
20210102,2021-01-02,2.0,1,January,Q1,2021,saturday,True,  FY2021  
20221003,2022-10-03,3.0,10,October,Q4,2022,MONDAY,False,FY2023
20210523,2021-05-23,23.0,5,May,Q2,2021,Sunday,True,FY2022
20240114,2024-01-14,14.0,1,January,Q1,2024,Sunday,True,FY2024
20240929,2024-09-29,,9,September,Q3,2024,Sunday,True,FY2025
20230608,2023-06-08,8.0,6,JUNE,Q2,2023,Thursday,False,FY2024
20231220,2023-12-20,20.0,12,December,Q4   ,2023,Wednesday,False,FY2024
20230316,2023-03-16,16.0,3,  MARCH  ,Q1,2023,Thursday,False,FY2023
20210718,2021-07-18,18.0,7,July,Q3,2021,Sunday,True,FY2022
20220406,2022-04-06,6.0,4,April,Q2,2022,Wednesday,False,FY2023
20210609,2021-06-09,9.0,6,June,Q2,2021,Wednesday,False,  fy2022
20241015,2024-10-15,15.0,10,October,Q4,2024,Tuesday,False,FY2025
20210315,2021-03-15,15.0,3,March,Q1,2021,Monday,False,FY2021
20220801,2022-08-01,1.0,8,August,Q3,2022,Monday   ,False,FY2023
20230401,2023-04-01,1.0,4,April   ,Q2,2023,Saturday,True,FY2024
20210325,2021-03-25,25.0,3,MARCH,Q1,2021,Thursday,False,FY2021
20220915,2022-09-15,15.0,9,September,Q3,2022,Thursday,False,FY2023
20241011,2024-10-11,11.0,10,October,Q4,2024,Friday,False,FY2025
20241221,2024-12-21,21.0,12,december,Q4,2024,Saturday,True,FY2025
20241127,2024-11-27,27.0,11,November,Q4,2024,Wednesday,False,FY2025
20220304,2022-03-04,4.0,3,March,Q1,2022,Friday,False,FY2022
20211017,2021-10-17,17.0,10,October,Q4,2021,Sunday,True,FY2022   
20220614,2022-06-14,14.0,6,June,Q2,2022,Tuesday   ,False,  FY2023  
20230611,2023-06-11,11.0,6,June,Q2,2023,sunday,True,FY2024
20240824,2024-08-24,24.0,8,August,Q3,2024,Saturday,True,FY2025
20240529,2024-05-29,29.0,5,may,Q2,2024,Wednesday,False,FY2025
20220206,2022-02-06,6.0,2,February,Q1,2022,Sunday,,FY2022
20210604,2021-06-04,4.0,6,June,Q2,2021,Friday,False,FY2022
20241020,2024-10-20,20.0,10,October,Q4,2024,Sunday,True,FY2025
20240421,2024-04-21,21.0,4,april,Q2,2024,sunday,True,FY2025
20240304,2024-03-04,4.0,3,March,Q1,2024,Monday,False,FY2024
20230714,2023-07-14,,7,July,Q3,2023,Friday,False,fy2024
20221027,2022-10-27,27.0,10,October,Q4,2022,THURSDAY,False,FY2023
20230101,2023-01-01,1.0,1,January,Q1,2023,Sunday,,FY2023
20230409,2023-04-09,9.0,4,APRIL,Q2,2023,Sunday,True,FY2024
20240222,2024-02-22,22.0,2,February,Q1,2024,Thursday,False,FY2024
20221112,2022-11-12,12.0,11,  november,Q4,2022,Saturday,True,FY2023
20240505,2024-05-05,5.0,5,May,Q2,2024,Sunday,True,FY2025
20240707,2024-07-07,,7,July,  Q3,2024,Sunday,True,  FY2025
20220730,2022-07-30,30.0,7,July,Q3,2022,Saturday,True,FY2023
20240419,2024-04-19,19.0,4,April,Q2,2024,Friday,False,FY2025
20211111,2021-11-11,11.0,11,November,Q4,2021,Thursday,False,FY2022
20230519,2023-05-19,19.0,5,May,Q2,2023,friday,False,FY2024
20241001,2024-10-01,1.0,10,October,Q4,2024,tuesday,False,FY2025
20220303,2022-03-03,3.0,3,March,Q1,2022,  Thursday,False,FY2022
20211030,2021-10-30,30.0,10,October,Q4,2021,Saturday,True,FY2022
20240617,2024-06-17,17.0,6,June,Q2,2024,Monday,False,Fy2025
20240202,2024-02-02,2.0,2,February,Q1,2024,Friday,False,FY2024
20220817,2022-08-17,17.0,8,  august  ,Q3,2022,Wednesday,False,  fy2023
20240423,2024-04-23,23.0,4,April,Q2,2024,tuesday,False,FY2025
20220506,2022-05-06,6.0,5,May,Q2,2022,Friday,False,FY2023
20220606,2022-06-06,6.0,6,June,Q2,2022,Monday,,FY2023
20211011,2021-10-11,11.0,10,OCTOBER,Q4,2021,monday,False,  FY2022
20220507,2022-05-07,7.0,5,May,Q2,2022,  Saturday,True,fy2023
20220227,2022-02-27,27.0,2,February,  Q1,2022,  SUNDAY  ,True,FY2022
20221129,2022-11-29,29.0,11,  NOVEMBER  ,Q4,2022,Tuesday,False,FY2023
20230928,2023-09-28,,9,September,Q3,2023,Thursday,False,FY2024
20230626,2023-06-26,26.0,6,june,Q2,2023,Monday,False,FY2024
20220320,2022-03-20,20.0,3,March,Q1,2022,Sunday,True,FY2022
20220713,2022-07-13,13.0,7,July,Q3,2022,Wednesday,False,FY2023
20231026,2023-10-26,26.0,10,October,Q4,2023,Thursday,False,FY2024
20210224,2021-02-24,24.0,2,  February,Q1,2021,Wednesday,False,FY2021
20240402,2024-04-02,2.0,4,April,  Q2,2024,Tuesday,False,FY2025
20240808,2024-08-08,8.0,8,  August,Q3,2024,Thursday,False,FY2025
20230708,2023-07-08,8.0,7,July,Q3,2023,Saturday,True,FY2024
20230714,2023-07-14,,7,July,Q3,2023,Friday,False,fy2024
20221111,2022-11-11,11.0,11,November,Q4,2022,Friday,False,FY2023
20220214,2022-02-14,14.0,2,february,Q1,2022,  Monday,,FY2022
20210113,2021-01-13,13.0,1,January,Q1,2021,Wednesday,False,FY2021
20230404,2023-04-04,4.0,4,April,Q2,2023,  Tuesday,False,FY2024
20220209,2022-02-09,9.0,2,February,Q1,2022,WEDNESDAY,False,FY2022
20231128,2023-11-28,28.0,11,  NOVEMBER  ,Q4,2023,Tuesday,False,FY2024
20210315,2021-03-15,15.0,3,March,Q1,2021,Monday,False,FY2021
20210715,2021-07-15,15.0,7,July,  Q3,2021,Thursday,False,FY2022
20220204,2022-02-04,,2,february,Q1,2022,  friday,False,FY2022
20211105,2021-11-05,5.0,11,November,Q4,2021,Friday,False,FY2022
20231108,2023-11-08,8.0,11,NOVEMBER,Q4,2023,Wednesday,False,FY2024
20230301,2023-03-01,1.0,3,March,Q1,2023,  Wednesday  ,False,  fy2023
20221112,2022-11-12,12.0,11,  november,Q4,2022,Saturday,True,FY2023
20221228,2022-12-28,28.0,12,December,Q4,2022,Wednesday,False,FY2023
20221107,2022-11-07,7.0,11,November,Q4,2022,MONDAY   ,False,FY2023
20210804,2021-08-04,4.0,8,August,Q3,2021,Wednesday,,FY2022
20241017,2024-10-17,17.0,10,OCTOBER,Q4,2024,Thursday,False,FY2025
20210613,2021-06-13,13.0,6,June,Q2,2021,Sunday,True,FY2022
20230207,2023-02-07,7.0,2,February,Q1,2023,Tuesday   ,False,FY2023
20210618,2021-06-18,,6,June,Q2,2021,Friday,False,FY2022
20220714,2022-07-14,14.0,7,July,Q3,2022,Thursday,False,FY2023
20220615,2022-06-15,15.0,6,june,Q2,2022,Wednesday,False,FY2023
20220425,2022-04-25,,4,April,Q2,2022,Monday,False,FY2023
20220623,2022-06-23,23.0,6,June,Q2,2022,  thursday,False,FY2023
20221202,2022-12-02,2.0,12,December,Q4   ,2022,Friday,False,FY2023
20240413,2024-04-13,13.0,4,April,Q2,2024,saturday,True,FY2025
20240613,2024-06-13,13.0,6,June,Q2,2024,THURSDAY,,FY2025
20211008,2021-10-08,8.0,10,October,Q4,2021,Friday,False,FY2022
20240106,2024-01-06,6.0,1,January,Q1,2024,Saturday,True,FY2024
20220512,2022-05-12,12.0,5,May,Q2,2022,Thursday,False,FY2023
20211108,2021-11-08,8.0,11,November,Q4,2021,Monday,False,FY2022
20210512,2021-05-12,12.0,5,MAY   ,Q2,2021,wednesday,False,FY2022
20210909,2021-09-09,9.0,9,September,Q3,2021,Thursday,False,FY2022
20220404,2022-04-04,4.0,4,April,Q2,2022,Monday,,FY2023
20220510,2022-05-10,10.0,5,May,Q2,2022,TUESDAY,False,FY2023
20240219,2024-02-19,19.0,2,FEBRUARY,Q1,2024,Monday,False,FY2024
20220409,2022-04-09,,4,April   ,Q2,2022,Saturday,True,Fy2023
20240823,2024-08-23,23.0,8,August,Q3,2024,Friday,,FY2025
20221010,2022-10-10,10.0,10,October,q4,2022,Monday,,FY2023
20241108,2024-11-08,8.0,11,November,Q4,2024,Friday,,FY2025
20230408,2023-04-08,8.0,4,April,Q2,2023,Saturday,True,FY2024
20220808,2022-08-08,8.0,8,August,Q3,2022,  MONDAY  ,False,FY2023
20240709,2024-07-09,9.0,7,July,Q3,2024,TUESDAY,False,FY2025
20210513,2021-05-13,13.0,5,May,Q2,2021,Thursday,False,FY2022
20230330,2023-03-30,30.0,3,March,Q1,2023,Thursday,False,FY2023
20211226,2021-12-26,26.0,12,December,Q4,2021,Sunday,True,fy2022   
20230405,2023-04-05,5.0,4,April,Q2,2023,  Wednesday  ,False,FY2024
20230619,2023-06-19,19.0,6,  june,Q2,2023,Monday,False,FY2024
20241101,2024-11-01,1.0,11,  November,Q4,2024,Friday,False,FY2025
20240721,2024-07-21,21.0,7,July,Q3,2024,Sunday,True,FY2025
20210828,2021-08-28,28.0,8,August,  Q3,2021,SATURDAY   ,True,  fy2022  
20211217,2021-12-17,17.0,12,December,Q4   ,2021,Friday,False,FY2022
20241216,2024-12-16,16.0,12,December,Q4,2024,MONDAY   ,,FY2025
20231218,2023-12-18,18.0,12,December,Q4,2023,MONDAY,False,FY2024
20240210,2024-02-10,10.0,2,February,Q1,2024,  Saturday,True,FY2024
20230716,2023-07-16,16.0,7,July,Q3,2023,Sunday,True,FY2024
20240705,2024-07-05,5.0,7,July,Q3,2024,Friday,False,FY2025
20221022,2022-10-22,22.0,10,October,Q4,2022,Saturday,True,FY2023
20230814,2023-08-14,14.0,8,AUGUST,Q3,2023,Monday,False,FY2024
20230514,2023-05-14,14.0,5,May,Q2,2023,Sunday,,FY2024
20220725,2022-07-25,25.0,7,July,Q3,2022,Monday,False,FY2023
20221231,2022-12-31,31.0,12,December,Q4,2022,Saturday,True,FY2023
20241211,2024-12-11,11.0,12,  DECEMBER,Q4,2024,Wednesday,,FY2025
20221012,2022-10-12,12.0,10,october,Q4,2022,wednesday   ,False,FY2023   
20220712,2022-07-12,12.0,7,July,Q3,2022,Tuesday,False,FY2023
20221203,2022-12-03,3.0,12,December,Q4,2022,Saturday,True,FY2023
20210627,2021-06-27,27.0,6,June,Q2,2021,Sunday,True,FY2022
20210128,2021-01-28,28.0,1,January,Q1,2021,Thursday,False,FY2021
20220302,2022-03-02,2.0,3,March,Q1,2022,Wednesday,False,FY2022
20230730,2023-07-30,,7,July,Q3,2023,Sunday,True,FY2024
20231030,2023-10-30,30.0,10,October,Q4,2023,Monday,False,FY2024
20221001,2022-10-01,1.0,10,October,Q4,2022,  Saturday,True,FY2023
20221204,2022-12-04,4.0,12,December,Q4,2022,Sunday,True,FY2023
20220503,2022-05-03,3.0,5,May,Q2,2022,Tuesday,False,FY2023
20230912,2023-09-12,12.0,9,  September,Q3,2023,tuesday,False,FY2024
20240206,2024-02-06,6.0,2,February,Q1,2024,Tuesday,False,FY2024
20210716,2021-07-16,16.0,7,July,Q3,2021,Friday,False,FY2022
20241005,2024-10-05,5.0,10,October,Q4,2024,Saturday,,FY2025
20220511,2022-05-11,,5,May,Q2,2022,Wednesday,False,fy2023
20220821,2022-08-21,21.0,8,  AUGUST,Q3,2022,Sunday,True,FY2023
20210822,2021-08-22,22.0,8,August,Q3,2021,Sunday,True,FY2022
20230605,2023-06-05,5.0,6,June,Q2,2023,  Monday  ,False,fy2024
20210401,2021-04-01,1.0,4,April,Q2,2021,  Thursday,False,FY2022
20210220,2021-02-20,20.0,2,February,Q1,2021,Saturday,True,FY2021
20210920,2021-09-20,,9,SEPTEMBER,Q3,2021,MONDAY,False,FY2022
20230725,2023-07-25,25.0,7,July,Q3,2023,  Tuesday  ,False,FY2024
20231112,2023-11-12,12.0,11,November,Q4,2023,Sunday,True,FY2024
20210529,2021-05-29,29.0,5,May,Q2,2021,Saturday,True,  FY2022  
20240914,2024-09-14,14.0,9,September,Q3,2024,Saturday,True,FY2025
20220126,2022-01-26,26.0,1,January,Q1,2022,Wednesday,False,FY2022
20240119,2024-01-19,19.0,1,January,Q1,2024,Friday,False,fy2024
20210320,2021-03-20,20.0,3,March,Q1,2021,Saturday,True,FY2021
20240831,2024-08-31,31.0,8,August,Q3,2024,SATURDAY,True,  FY2025
20220504,2022-05-04,,5,MAY   ,Q2,2022,Wednesday,,FY2023
20221031,2022-10-31,31.0,10,OCTOBER,Q4,2022,Monday,False,FY2023
20210205,2021-02-05,5.0,2,February,Q1,2021,Friday,False,FY2021
20231026,2023-10-26,26.0,10,October,Q4,2023,Thursday,False,FY2024
20230915,2023-09-15,15.0,9,September,Q3,2023,Friday,False,FY2024
20230706,2023-07-06,6.0,7,July,Q3,2023,Thursday,False,FY2024
20230331,2023-03-31,31.0,3,March,Q1,2023,FRIDAY,False,FY2023
20211120,2021-11-20,20.0,11,November,Q4,2021,Saturday,,FY2022
20230422,2023-04-22,22.0,4,April,Q2,2023,Saturday,True,FY2024
20210107,2021-01-07,7.0,1,January,Q1,2021,  Thursday,False,FY2021
20240324,2024-03-24,24.0,3,March,Q1,2024,Sunday,True,FY2024
20210822,2021-08-22,22.0,8,August,Q3,2021,Sunday,True,FY2022
20220329,2022-03-29,29.0,3,March,Q1,2022,Tuesday,False,FY2022
20230401,2023-04-01,1.0,4,April   ,Q2,2023,Saturday,True,FY2024
20210202,2021-02-02,2.0,2,February,Q1,2021,Tuesday,False,FY2021
20210805,2021-08-05,5.0,8,AUGUST,Q3,2021,  Thursday,,FY2022
20230811,2023-08-11,11.0,8,August,Q3,2023,Friday,False,FY2024
20220131,2022-01-31,31.0,1,january,Q1,2022,Monday   ,False,Fy2022
20231229,2023-12-29,29.0,12,December,Q4,2023,Friday,False,FY2024
20221001,2022-10-01,1.0,10,October,Q4,2022,  Saturday,True,FY2023
20220519,2022-05-19,19.0,5,  may,Q2,2022,Thursday,False,FY2023
20230104,2023-01-04,4.0,1,January,Q1,2023,Wednesday,False,FY2023
20220119,2022-01-19,19.0,1,  January,Q1,2022,Wednesday,False,FY2022
20221227,2022-12-27,,12,December,Q4,2022,Tuesday,,FY2023
20211107,2021-11-07,7.0,11,November,Q4,2021,Sunday,True,FY2022
20220818,2022-08-18,18.0,8,  August,q3,2022,Thursday,False,FY2023
20240204,2024-02-04,4.0,2,February,q1,2024,Sunday,True,FY2024
20220605,2022-06-05,5.0,6,June,Q2,2022,sunday,,FY2023
20241006,2024-10-06,,10,October,Q4,2024,  Sunday  ,True,FY2025
20230212,2023-02-12,12.0,2,February,Q1,2023,SUNDAY,True,FY2023
20211004,2021-10-04,,10,October,Q4,2021,Monday,,FY2022
20210725,2021-07-25,,7,july,Q3,2021,Sunday,True,FY2022
20230717,2023-07-17,17.0,7,July,Q3,2023,Monday,False,  FY2024
20240614,2024-06-14,14.0,6,June,Q2,2024,Friday,False,FY2025
20241111,2024-11-11,11.0,11,November,Q4,2024,Monday,,FY2025
20241207,2024-12-07,7.0,12,December,Q4,2024,Saturday,True,FY2025
20230218,2023-02-18,18.0,2,February,Q1,2023,  Saturday,True,FY2023
20220607,2022-06-07,7.0,6,June   ,Q2,2022,Tuesday,False,FY2023
20240530,2024-05-30,30.0,5,May,Q2,2024,Thursday,False,FY2025
20221026,2022-10-26,26.0,10,October,Q4,2022,Wednesday,False,FY2023
20221110,2022-11-10,10.0,11,November,Q4,2022,Thursday,False,FY2023
20240807,2024-08-07,7.0,8,August,q3,2024,Wednesday,False,FY2025
20220729,2022-07-29,29.0,7,July,Q3,2022,Friday,False,FY2023
20240123,2024-01-23,,1,January,Q1,2024,tuesday,False,FY2024
20220922,2022-09-22,22.0,9,September,Q3,2022,Thursday,False,FY2023
20211112,2021-11-12,12.0,11,November,Q4,2021,Friday,False,FY2022
20230113,2023-01-13,13.0,1,JANUARY,Q1,2023,friday,False,FY2023
20231110,2023-11-10,10.0,11,November,Q4,2023,Friday,False,FY2024
20240124,2024-01-24,24.0,1,January,  Q1,2024,Wednesday,False,FY2024
20241212,2024-12-12,12.0,12,December,Q4,2024,Thursday,False,  fy2025
20241222,2024-12-22,22.0,12,December,Q4,2024,Sunday,True,FY2025
20241214,2024-12-14,14.0,12,december,Q4,2024,Saturday,True,FY2025
20240115,2024-01-15,15.0,1,January,Q1,2024,Monday,False,FY2024
20240106,2024-01-06,6.0,1,January,Q1,2024,Saturday,True,FY2024
20220410,2022-04-10,10.0,4,April,Q2,2022,Sunday,True,FY2023
20210501,2021-05-01,1.0,5,May,Q2,2021,Saturday,True,FY2022
20240131,2024-01-31,31.0,1,January,Q1,2024,Wednesday,False,FY2024
20240313,2024-03-13,13.0,3,March,Q1,2024,Wednesday,False,FY2024
20230122,2023-01-22,22.0,1,January,Q1,2023,Sunday,True,FY2023
20210708,2021-07-08,8.0,7,July,Q3,2021,Thursday,False,FY2022
20210709,2021-07-09,9.0,7,  JULY,Q3,2021,Friday,False,fy2022
20230420,2023-04-20,20.0,4,April,Q2,2023,THURSDAY,False,FY2024
20221025,2022-10-25,25.0,10,October,Q4,2022,Tuesday,False,FY2023
20210831,2021-08-31,31.0,8,August,Q3,2021,Tuesday,,FY2022
20220627,2022-06-27,27.0,6,June,Q2,2022,Monday,False,FY2023
20230206,2023-02-06,6.0,2,February,Q1,2023,monday,False,FY2023
20221120,2022-11-20,20.0,11,November,Q4,2022,Sunday,True,FY2023
20220514,2022-05-14,14.0,5,May,Q2,2022,Saturday,True,FY2023
20210211,2021-02-11,11.0,2,February,Q1,2021,Thursday,False,FY2021
20220325,2022-03-25,25.0,3,March,Q1,2022,Friday,False,FY2022
20210410,2021-04-10,10.0,4,April,Q2,2021,  Saturday,True,FY2022
20230506,2023-05-06,6.0,5,May,Q2,2023,SATURDAY,True,FY2024
20230311,2023-03-11,11.0,3,MARCH,Q1,2023,Saturday,True,FY2023
20220806,2022-08-06,6.0,8,August,Q3,2022,Saturday,True,FY2023
20230528,2023-05-28,28.0,5,May,Q2,2023,sunday,True,FY2024
20220430,2022-04-30,30.0,4,APRIL,Q2,2022,Saturday,True,FY2023
20221222,2022-12-22,22.0,12,December,Q4,2022,Thursday,False,FY2023
20241026,2024-10-26,26.0,10,  October,q4,2024,Saturday,True,Fy2025
20210908,2021-09-08,8.0,9,September,Q3,2021,Wednesday,False,FY2022
20220313,2022-03-13,13.0,3,March,Q1,2022,Sunday,,Fy2022
20210318,2021-03-18,18.0,3,March,Q1,2021,Thursday,False,FY2021
20230730,2023-07-30,,7,July,Q3,2023,Sunday,True,FY2024
20230907,2023-09-07,7.0,9,September,  Q3,2023,Thursday,False,FY2024
20221221,2022-12-21,21.0,12,December,Q4,2022,Wednesday,,FY2023
20220601,2022-06-01,1.0,6,June,Q2,2022,Wednesday,False,FY2023
20230919,2023-09-19,19.0,9,September,Q3,2023,Tuesday,False,FY2024
20240512,2024-05-12,12.0,5,May,q2,2024,Sunday,True,FY2025
20221117,2022-11-17,17.0,11,November,Q4,2022,Thursday,False,FY2023
20240815,2024-08-15,15.0,8,August,Q3,2024,Thursday,False,FY2025
20240324,2024-03-24,24.0,3,March,Q1,2024,Sunday,True,FY2024
20220316,2022-03-16,16.0,3,March,Q1,2022,Wednesday,False,FY2022
20220224,2022-02-24,24.0,2,February,Q1,2022,Thursday,False,FY2022
20240213,2024-02-13,13.0,2,February,Q1,2024,Tuesday,False,Fy2024
20240821,2024-08-21,21.0,8,August,Q3,2024,Wednesday,False,FY2025
20230217,2023-02-17,17.0,2,February   ,Q1,2023,Friday,False,FY2023
20220518,2022-05-18,18.0,5,May,Q2,2022,Wednesday,False,FY2023
20231231,2023-12-31,31.0,12,December,Q4,2023,Sunday,True,FY2024   
20210116,2021-01-16,16.0,1,JANUARY,Q1,2021,saturday,True,FY2021
20220123,2022-01-23,23.0,1,January,Q1,2022,Sunday,True,FY2022
20240606,2024-06-06,6.0,6,June,Q2,2024,  Thursday,False,FY2025
20210720,2021-07-20,20.0,7,July,Q3,2021,Tuesday,False,FY2022
20211216,2021-12-16,16.0,12,December,Q4,2021,Thursday,False,FY2022
20230331,2023-03-31,31.0,3,March,Q1,2023,FRIDAY,False,FY2023
20231217,2023-12-17,17.0,12,December,Q4,2023,Sunday,True,FY2024   
20220928,2022-09-28,28.0,9,  September  ,Q3,2022,Wednesday,False,FY2023
20220221,2022-02-21,21.0,2,February,Q1,2022,Monday,False,  FY2022  
20240810,2024-08-10,10.0,8,August,Q3,2024,Saturday,True,FY2025
20211115,2021-11-15,15.0,11,  november,Q4,2021,Monday   ,False,FY2022
20230921,2023-09-21,21.0,9,September,Q3,2023,Thursday,False,FY2024
20230607,2023-06-07,7.0,6,june,Q2,2023,Wednesday,False,FY2024
20220805,2022-08-05,5.0,8,August,Q3,2022,Friday,False,FY2023
20211222,2021-12-22,22.0,12,December,  q4,2021,Wednesday,False,FY2022
20240317,2024-03-17,17.0,3,march,Q1,2024,Sunday,True,FY2024
20241124,2024-11-24,24.0,11,November,Q4,2024,Sunday,True,FY2025
20220509,2022-05-09,9.0,5,May   ,Q2,2022,Monday,False,FY2023
20221225,2022-12-25,25.0,12,December,Q4,2022,Sunday,True,FY2023
20210630,2021-06-30,30.0,6,June,Q2,2021,WEDNESDAY,False,FY2022
20210902,2021-09-02,2.0,9,september,Q3,2021,Thursday,,FY2022   
20220414,2022-04-14,14.0,4,APRIL,Q2,2022,thursday,False,FY2023
20211002,2021-10-02,2.0,10,October,Q4,2021,Saturday,True,FY2022
20220908,2022-09-08,8.0,9,September,Q3   ,2022,Thursday,False,  FY2023
20220731,2022-07-31,31.0,7,July,Q3,2022,Sunday,True,  FY2023
20240305,2024-03-05,5.0,3,March,Q1,2024,Tuesday,False,FY2024
20220128,2022-01-28,28.0,1,January,Q1,2022,Friday,False,FY2022
20240919,2024-09-19,19.0,9,September,q3,2024,Thursday,False,FY2025
20210809,2021-08-09,9.0,8,August,Q3,2021,Monday,,FY2022
20210823,2021-08-23,23.0,8,August,Q3,2021,Monday,,FY2022
20210204,2021-02-04,4.0,2,February,Q1,2021,  THURSDAY,False,FY2021
20210327,2021-03-27,27.0,3,March,Q1,2021,Saturday,True,FY2021
20230117,2023-01-17,,1,January,  Q1,2023,Tuesday,False,FY2023
20210606,2021-06-06,,6,June,Q2,2021,Sunday,True,FY2022
20241130,2024-11-30,30.0,11,November,Q4,2024,  saturday,True,FY2025
20210521,2021-05-21,21.0,5,May,Q2,2021,Friday,,FY2022
20240920,2024-09-20,20.0,9,  September,Q3   ,2024,Friday,False,FY2025
20240706,2024-07-06,6.0,7,july,Q3,2024,Saturday,True,FY2025
20230613,2023-06-13,13.0,6,June,Q2,2023,Tuesday,False,FY2024
20211230,2021-12-30,30.0,12,december,Q4,2021,Thursday,False,FY2022
20210913,2021-09-13,13.0,9,September,Q3,2021,Monday,False,FY2022
20231015,2023-10-15,15.0,10,October,Q4,2023,SUNDAY,True,FY2024
20240302,2024-03-02,2.0,3,march,Q1,2024,Saturday,,FY2024
20220116,2022-01-16,16.0,1,January,Q1,2022,Sunday,True,FY2022
20240120,2024-01-20,20.0,1,  January,Q1,2024,Saturday,True,FY2024
20240527,2024-05-27,27.0,5,May,Q2,2024,monday,False,FY2025
20220525,2022-05-25,25.0,5,May,Q2,2022,  WEDNESDAY,False,FY2023
20210309,2021-03-09,,3,March,Q1   ,2021,Tuesday,False,FY2021
20230103,2023-01-03,3.0,1,January,Q1,2023,Tuesday,False,FY2023
20240218,2024-02-18,18.0,2,February,Q1,2024,  Sunday,True,FY2024
20231202,2023-12-02,2.0,12,December,Q4,2023,  Saturday,True,FY2024
20230320,2023-03-20,20.0,3,March,Q1,2023,MONDAY,False,fy2023
20231115,2023-11-15,,11,November,Q4,2023,Wednesday,False,FY2024
20240528,2024-05-28,28.0,5,May,Q2,2024,Tuesday,,FY2025
20220417,2022-04-17,17.0,4,April,Q2,2022,Sunday,True,FY2023
20231221,2023-12-21,21.0,12,December,Q4,2023,Thursday,False,FY2024
20220129,2022-01-29,29.0,1,January,Q1,2022,Saturday,True,FY2022
20240327,2024-03-27,27.0,3,March,Q1,2024,Wednesday,False,FY2024
20221010,2022-10-10,10.0,10,October,q4,2022,Monday,,FY2023
20231010,2023-10-10,10.0,10,October,Q4,2023,Tuesday   ,False,FY2024
20240503,2024-05-03,3.0,5,MAY,Q2,2024,Friday,False,FY2025
20211214,2021-12-14,14.0,12,December,Q4,2021,Tuesday,False,FY2022
20210316,2021-03-16,16.0,3,MARCH,Q1,2021,Tuesday,False,FY2021
20211126,2021-11-26,26.0,11,November,Q4,2021,friday,False,FY2022
20210203,2021-02-03,3.0,2,February,Q1,2021,Wednesday,False,FY2021
20231104,2023-11-04,4.0,11,November,Q4,2023,Saturday,True,FY2024
20240829,2024-08-29,29.0,8,August,Q3,2024,Thursday,False,FY2025
20231216,2023-12-16,16.0,12,december,Q4,2023,Saturday,True,FY2024
20210515,2021-05-15,15.0,5,MAY,Q2,2021,Saturday,,FY2022
20210414,2021-04-14,14.0,4,April,Q2,2021,Wednesday,False,FY2022
20210110,2021-01-10,10.0,1,January,Q1,2021,Sunday,True,FY2021
20240616,2024-06-16,16.0,6,June,Q2,2024,Sunday,True,FY2025
20220628,2022-06-28,28.0,6,June,Q2,2022,Tuesday,False,FY2023
20220703,2022-07-03,3.0,7,July,Q3,2022,Sunday,True,Fy2023   
20210111,2021-01-11,11.0,1,January,Q1,2021,Monday,,FY2021
20231210,2023-12-10,10.0,12,December,Q4,2023,Sunday,True,FY2024
20221002,2022-10-02,2.0,10,October,Q4,2022,Sunday,True,FY2023
20230620,2023-06-20,20.0,6,June,Q2,2023,Tuesday,False,FY2024
20230407,2023-04-07,7.0,4,April,Q2,2023,Friday,False,FY2024
20230206,2023-02-06,6.0,2,February,Q1,2023,monday,False,FY2023
20231026,2023-10-26,26.0,10,October,Q4,2023,Thursday,False,FY2024
20240513,2024-05-13,13.0,5,May,Q2,2024,Monday,False,FY2025
20210306,2021-03-06,6.0,3,March,Q1,2021,Saturday,,fy2021
20211012,2021-10-12,12.0,10,October,Q4,2021,Tuesday,False,FY2022
20231124,2023-11-24,24.0,11,November,Q4,2023,Friday,False,FY2024
20210218,2021-02-18,18.0,2,February,q1,2021,Thursday,False,FY2021
20220909,2022-09-09,9.0,9,September,q3,2022,Friday,False,fy2023
20231227,2023-12-27,27.0,12,December,Q4,2023,Wednesday,False,FY2024
20220106,2022-01-06,6.0,1,JANUARY,Q1,2022,Thursday,False,FY2022
20230810,2023-08-10,10.0,8,August,  Q3  ,2023,Thursday,False,Fy2024
20241230,2024-12-30,30.0,12,December,  Q4,2024,monday,False,FY2025   
20220410,2022-04-10,10.0,4,April,Q2,2022,Sunday,True,FY2023
20210506,2021-05-06,,5,May,Q2,2021,Thursday,,FY2022
20210622,2021-06-22,22.0,6,june,Q2,2021,tuesday,False,FY2022
20220212,2022-02-12,12.0,2,February,Q1,2022,Saturday,True,FY2022
20221114,2022-11-14,14.0,11,November,Q4,2022,Monday,False,FY2023
20240904,2024-09-04,4.0,9,September,Q3,2024,WEDNESDAY,False,FY2025
20230721,2023-07-21,21.0,7,July,Q3   ,2023,Friday,False,FY2024
20221225,2022-12-25,25.0,12,December,Q4,2022,Sunday,True,FY2023
20240116,2024-01-16,16.0,1,January,  q1  ,2024,Tuesday,,FY2024   
20230711,2023-07-11,11.0,7,July,q3,2023,Tuesday,False,FY2024
20230913,2023-09-13,,9,  September,Q3,2023,Wednesday,,FY2024
20220626,2022-06-26,26.0,6,June,Q2   ,2022,Sunday,True,FY2023
20210520,2021-05-20,20.0,5,May,Q2,2021,Thursday,False,FY2022
20231011,2023-10-11,11.0,10,october,Q4,2023,Wednesday,False,FY2024
20210918,2021-09-18,18.0,9,September,Q3,2021,Saturday,True,FY2022
20220419,2022-04-19,19.0,4,  April,  Q2,2022,Tuesday,False,Fy2023   
20210615,2021-06-15,15.0,6,June,q2,2021,Tuesday,False,FY2022
20230426,2023-04-26,26.0,4,APRIL,Q2,2023,Wednesday,False,FY2024   
20210815,2021-08-15,15.0,8,August,Q3,2021,Sunday,True,FY2022
20230630,2023-06-30,30.0,6,June,Q2,2023,Friday,False,FY2024
20221124,2022-11-24,24.0,11,November,Q4,2022,Thursday,False,FY2023
20210711,2021-07-11,11.0,7,July,Q3,2021,Sunday,True,FY2022
20230511,2023-05-11,11.0,5,MAY,Q2,2023,Thursday,False,  FY2024
20211103,2021-11-03,3.0,11,November,Q4,2021,Wednesday,False,FY2022
20230625,2023-06-25,25.0,6,June,Q2,2023,Sunday,True,FY2024
20241217,2024-12-17,17.0,12,December,Q4,2024,Tuesday,False,FY2025
20241029,2024-10-29,29.0,10,october,Q4,2024,Tuesday,False,FY2025
20220428,2022-04-28,28.0,4,April,Q2,2022,thursday,False,FY2023
20220421,2022-04-21,21.0,4,April,Q2,2022,Thursday,False,FY2023
20240114,2024-01-14,14.0,1,January,Q1,2024,Sunday,True,FY2024
20231213,2023-12-13,13.0,12,December,Q4,2023,WEDNESDAY,False,FY2024
20240811,2024-08-11,11.0,8,August,q3,2024,Sunday,True,FY2025
20231104,2023-11-04,4.0,11,November,Q4,2023,Saturday,True,FY2024
20210726,2021-07-26,26.0,7,july   ,Q3,2021,  MONDAY  ,False,FY2022
20241121,2024-11-21,21.0,11,November,Q4,2024,  Thursday,,FY2025
20211117,2021-11-17,17.0,11,November,Q4,2021,Wednesday,False,FY2022
20241012,2024-10-12,12.0,10,October,Q4,2024,Saturday   ,True,FY2025
20230328,2023-03-28,28.0,3,March   ,Q1,2023,Tuesday,False,FY2023
20230125,2023-01-25,25.0,1,  january,Q1,2023,Wednesday,False,FY2023
20210118,2021-01-18,18.0,1,January,Q1,2021,  Monday,False,FY2021
20230905,2023-09-05,5.0,9,September,Q3,2023,Tuesday,False,FY2024
20220307,2022-03-07,7.0,3,March,Q1,2022,MONDAY,False,FY2022
20230805,2023-08-05,5.0,8,August,Q3,2023,Saturday,True,FY2024
20230511,2023-05-11,11.0,5,MAY,Q2,2023,Thursday,False,  FY2024
20210806,2021-08-06,6.0,8,August   ,Q3,2021,Friday,False,FY2022
20240514,2024-05-14,14.0,5,  MAY,Q2,2024,Tuesday,False,FY2025
20240930,2024-09-30,30.0,9,September,Q3,2024,Monday,False,FY2025
20210727,2021-07-27,27.0,7,July,Q3,2021,Tuesday,False,FY2022
20210826,2021-08-26,26.0,8,August,Q3,2021,Thursday,False,FY2022
20240419,2024-04-19,19.0,4,April,Q2,2024,Friday,False,FY2025
20230225,2023-02-25,25.0,2,February,Q1,2023,  Saturday,True,FY2023
20240103,2024-01-03,3.0,1,January,  Q1,2024,Wednesday,False,FY2024
20240425,2024-04-25,25.0,4,April,Q2,2024,Thursday,False,FY2025
20211212,2021-12-12,,12,December,Q4,2021,Sunday   ,True,fy2022   
20210307,2021-03-07,7.0,3,March,Q1,2021,Sunday,True,  FY2021
20230306,2023-03-06,6.0,3,March,Q1,2023,Monday,False,FY2023
20240227,2024-02-27,27.0,2,February,Q1,2024,Tuesday,False,Fy2024
20240710,2024-07-10,10.0,7,July,Q3,2024,Wednesday,False,  FY2025
20211207,2021-12-07,7.0,12,  december,Q4,2021,Tuesday,,FY2022
20240318,2024-03-18,,3,March,Q1,2024,Monday,False,FY2024
20220403,2022-04-03,3.0,4,April,q2,2022,Sunday,True,FY2023
20210625,2021-06-25,25.0,6,June,Q2,2021,Friday,,FY2022
20220704,2022-07-04,4.0,7,July,Q3   ,2022,Monday,False,FY2023
20210319,2021-03-19,19.0,3,March,Q1,2021,Friday,False,FY2021
20211028,2021-10-28,28.0,10,October   ,Q4,2021,Thursday,False,fy2022
20240218,2024-02-18,18.0,2,February,Q1,2024,  Sunday,True,FY2024
20220405,2022-04-05,5.0,4,April,  Q2  ,2022,Tuesday,False,FY2023
20230801,2023-08-01,1.0,8,August,Q3,2023,Tuesday,False,FY2024
20210610,2021-06-10,10.0,6,JUNE,Q2,2021,Thursday,,FY2022
20231003,2023-10-03,3.0,10,October,Q4,2023,Tuesday,False,FY2024
20210529,2021-05-29,29.0,5,May,Q2,2021,Saturday,True,  FY2022  
20231215,2023-12-15,15.0,12,DECEMBER,Q4,2023,Friday,,FY2024
20220420,2022-04-20,20.0,4,April,  Q2,2022,  WEDNESDAY,False,FY2023
20241225,2024-12-25,25.0,12,December,Q4,2024,Wednesday,,FY2025
20210707,2021-07-07,7.0,7,JULY   ,  Q3,2021,wednesday   ,False,FY2022
20231120,2023-11-20,20.0,11,November,Q4,2023,Monday,False,FY2024
20220409,2022-04-09,,4,April   ,Q2,2022,Saturday,True,Fy2023
20210106,2021-01-06,6.0,1,January,Q1,2021,wednesday,False,FY2021
20230422,2023-04-22,22.0,4,April,Q2,2023,Saturday,True,FY2024
20240531,2024-05-31,31.0,5,May,Q2,2024,Friday,,FY2025
20211123,2021-11-23,23.0,11,  november,Q4,2021,Tuesday,False,  FY2022
20210405,2021-04-05,5.0,4,  april,Q2,2021,Monday,False,FY2022
20240502,2024-05-02,2.0,5,May,Q2,2024,Thursday,False,FY2025
20210517,2021-05-17,17.0,5,May,Q2,2021,Monday,False,  FY2022
20241024,2024-10-24,24.0,10,  OCTOBER,Q4,2024,Thursday,False,FY2025
20210728,2021-07-28,28.0,7,July,q3,2021,Wednesday,False,fy2022
20230612,2023-06-12,12.0,6,june,Q2,2023,  Monday,,FY2024
20210301,2021-03-01,1.0,3,March,Q1,2021,Monday,False,FY2021
20210114,2021-01-14,14.0,1,January,Q1,2021,Thursday,False,FY2021
20211127,2021-11-27,27.0,11,November,Q4,2021,Saturday,True,FY2022
20221126,2022-11-26,26.0,11,November,Q4,2022,  Saturday  ,True,FY2023
20220123,2022-01-23,23.0,1,January,Q1,2022,Sunday,True,FY2022
20220608,2022-06-08,8.0,6,June,Q2,2022,Wednesday,False,FY2023
20240216,2024-02-16,16.0,2,FEBRUARY,Q1,2024,Friday,False,FY2024
20240826,2024-08-26,26.0,8,AUGUST,Q3,2024,Monday,False,FY2025   
20210127,2021-01-27,27.0,1,JANUARY,Q1,2021,Wednesday,False,FY2021
20240726,2024-07-26,26.0,7,July,Q3,2024,Friday,False,FY2025
20220827,2022-08-27,27.0,8,august,Q3,2022,Saturday,True,FY2023
20230423,2023-04-23,23.0,4,April,Q2,2023,  Sunday,True,FY2024
20211119,2021-11-19,19.0,11,November,Q4,2021,Friday,False,FY2022
20240207,2024-02-07,7.0,2,february,Q1,2024,Wednesday,False,FY2024
20230919,2023-09-19,19.0,9,September,Q3,2023,Tuesday,False,FY2024
20210925,2021-09-25,25.0,9,September,Q3,2021,Saturday,,FY2022
20230517,2023-05-17,17.0,5,May   ,Q2,2023,WEDNESDAY,False,fy2024
20230829,2023-08-29,29.0,8,  august  ,Q3,2023,Tuesday,False,FY2024
20240313,2024-03-13,13.0,3,March,Q1,2024,Wednesday,False,FY2024
20220124,2022-01-24,24.0,1,January,q1,2022,monday,False,FY2022
20240818,2024-08-18,18.0,8,august,Q3,2024,sunday,True,FY2025
20220318,2022-03-18,18.0,3,March,Q1,2022,Friday,False,FY2022
20211116,2021-11-16,16.0,11,  november,Q4,2021,Tuesday,,FY2022
20211023,2021-10-23,23.0,10,October,Q4,2021,  Saturday  ,True,FY2022
20220709,2022-07-09,9.0,7,July,  Q3,2022,Saturday,True,FY2023
20210914,2021-09-14,14.0,9,September,Q3,2021,tuesday,False,FY2022
20220715,2022-07-15,15.0,7,July,Q3,2022,  friday,False,FY2023
20230411,2023-04-11,11.0,4,APRIL,  q2  ,2023,Tuesday,False,FY2024
20231127,2023-11-27,27.0,11,November,Q4,2023,Monday,False,FY2024
20220211,2022-02-11,11.0,2,February,Q1,2022,Friday,False,FY2022
20230531,2023-05-31,31.0,5,May,  Q2  ,2023,Wednesday,False,Fy2024
20220401,2022-04-01,1.0,4,April,Q2,2022,Friday,False,FY2023
20211104,2021-11-04,4.0,11,November,Q4,2021,Thursday,False,FY2022
20210314,2021-03-14,14.0,3,march,  Q1,2021,Sunday,True,FY2021
20210915,2021-09-15,15.0,9,September,Q3,2021,Wednesday,False,FY2022
20240523,2024-05-23,23.0,5,May,Q2,2024,Thursday,False,Fy2025
20210103,2021-01-03,,1,January,q1,2021,Sunday,True,FY2021
20240426,2024-04-26,26.0,4,April,Q2,2024,Friday,False,FY2025
20241001,2024-10-01,1.0,10,October,Q4,2024,tuesday,False,FY2025
20230610,2023-06-10,10.0,6,June,Q2,2023,Saturday,True,FY2024
20210925,2021-09-25,25.0,9,September,Q3,2021,Saturday,,FY2022
20230719,2023-07-19,19.0,7,July,Q3,2023,Wednesday,False,FY2024
20220714,2022-07-14,14.0,7,July,Q3,2022,Thursday,False,FY2023
20220425,2022-04-25,,4,April,Q2,2022,Monday,False,FY2023
20240815,2024-08-15,15.0,8,August,Q3,2024,Thursday,False,FY2025
20230629,2023-06-29,29.0,6,June,Q2,2023,Thursday,,FY2024
20210428,2021-04-28,28.0,4,April,Q2,2021,Wednesday,False,FY2022
20240311,2024-03-11,11.0,3,March,Q1,2024,Monday,False,FY2024
20220404,2022-04-04,4.0,4,April,Q2,2022,Monday,,FY2023
20231027,2023-10-27,27.0,10,October,Q4,2023,Friday,False,FY2024
20220412,2022-04-12,,4,April,Q2,2022,Tuesday,False,FY2023
20220717,2022-07-17,17.0,7,July,Q3,2022,  Sunday,,FY2023
20231125,2023-11-25,25.0,11,November,Q4,2023,Saturday,True,FY2024
20220322,2022-03-22,22.0,3,March,Q1,2022,tuesday,False,FY2022
20231102,2023-11-02,2.0,11,November,Q4,2023,Thursday,False,FY2024
20230216,2023-02-16,16.0,2,February,Q1,2023,Thursday,False,FY2023
20220828,2022-08-28,28.0,8,August,Q3,2022,Sunday,True,FY2023
20220723,2022-07-23,23.0,7,July,Q3,2022,SATURDAY,True,FY2023
20240224,2024-02-24,24.0,2,  February,Q1,2024,Saturday,True,FY2024
20220221,2022-02-21,21.0,2,February,Q1,2022,Monday,False,  FY2022  
20210326,2021-03-26,26.0,3,March,Q1,2021,Friday,False,FY2021
20230123,2023-01-23,23.0,1,January,Q1,2023,Monday,False,FY2023
20240618,2024-06-18,18.0,6,  June,Q2,2024,Tuesday,False,FY2025
20230126,2023-01-26,26.0,1,January,Q1   ,2023,Thursday,False,FY2023
20240725,2024-07-25,25.0,7,July,Q3,2024,Thursday,False,FY2025
20210601,2021-06-01,1.0,6,JUNE   ,Q2,2021,  TUESDAY,False,FY2022
20241223,2024-12-23,23.0,12,December,Q4,2024,Monday,False,FY2025
20240122,2024-01-22,22.0,1,JANUARY,Q1,2024,Monday,False,FY2024
20220124,2022-01-24,24.0,1,January,q1,2022,monday,False,FY2022
20230102,2023-01-02,2.0,1,JANUARY,Q1,2023,Monday,False,FY2023
20210622,2021-06-22,22.0,6,june,Q2,2021,tuesday,False,FY2022
20230719,2023-07-19,19.0,7,July,Q3,2023,Wednesday,False,FY2024
20220615,2022-06-15,15.0,6,june,Q2,2022,Wednesday,False,FY2023
20240228,2024-02-28,28.0,2,February,Q1,2024,WEDNESDAY,False,FY2024
20230205,2023-02-05,,2,February,Q1,2023,Sunday,,FY2023
20230106,2023-01-06,6.0,1,January,  Q1  ,2023,Friday,False,FY2023
20241203,2024-12-03,3.0,12,December,Q4,2024,Tuesday,,FY2025
20240728,2024-07-28,28.0,7,July,Q3,2024,sunday,True,FY2025
20220330,2022-03-30,30.0,3,March,q1,2022,Wednesday,False,FY2022
20220110,2022-01-10,10.0,1,  January  ,Q1,2022,MONDAY,,FY2022
20231230,2023-12-30,30.0,12,  December,Q4,2023,Saturday,True,FY2024
20221211,2022-12-11,11.0,12,December,q4,2022,Sunday,True,FY2023
20230727,2023-07-27,27.0,7,July,Q3,2023,thursday   ,False,FY2024
20210721,2021-07-21,21.0,7,July,Q3,2021,Wednesday,False,FY2022
20231211,2023-12-11,11.0,12,December,  Q4,2023,monday,False,FY2024
20240909,2024-09-09,9.0,9,September,Q3,2024,Monday,False,FY2025
20221102,2022-11-02,2.0,11,November,Q4,2022,  Wednesday,,FY2023
20210202,2021-02-02,2.0,2,February,Q1,2021,Tuesday,False,FY2021
20210827,2021-08-27,27.0,8,August,Q3,2021,Friday,False,FY2022
20210508,2021-05-08,8.0,5,May,Q2,2021,Saturday,True,FY2022
20211221,2021-12-21,21.0,12,December,Q4,2021,Tuesday,False,FY2022
20210614,2021-06-14,14.0,6,JUNE,Q2,2021,Monday,False,FY2022
20240628,2024-06-28,28.0,6,June,Q2,2024,Friday,False,FY2025
20220508,2022-05-08,8.0,5,May,Q2,2022,Sunday,,FY2023   
20220418,2022-04-18,18.0,4,April,Q2,2022,monday   ,False,FY2023
20210306,2021-03-06,6.0,3,March,Q1,2021,Saturday,,fy2021
20220526,2022-05-26,26.0,5,MAY,Q2,2022,Thursday,False,fy2023
20211001,2021-10-01,1.0,10,October,Q4,2021,Friday,False,fy2022
20240504,2024-05-04,4.0,5,May,Q2,2024,Saturday   ,True,FY2025
20210331,2021-03-31,31.0,3,March,Q1,2021,Wednesday,False,FY2021
20240521,2024-05-21,,5,May,Q2,2024,Tuesday,False,FY2025
20210408,2021-04-08,8.0,4,April,Q2,2021,Thursday,False,FY2022
20231203,2023-12-03,3.0,12,December,Q4,2023,  Sunday,True,Fy2024
20231021,2023-10-21,21.0,10,October,Q4,2023,Saturday,True,FY2024
20241022,2024-10-22,22.0,10,October,Q4,2024,Tuesday,False,FY2025
20220326,2022-03-26,26.0,3,March,Q1   ,2022,Saturday,True,FY2022
20220705,2022-07-05,5.0,7,July,Q3   ,2022,tuesday,False,Fy2023
20240308,2024-03-08,8.0,3,  MARCH  ,Q1,2024,Friday,False,FY2024
20210807,2021-08-07,7.0,8,August,Q3   ,2021,SATURDAY   ,True,FY2022
20210628,2021-06-28,28.0,6,June,Q2,2021,monday   ,,FY2022
20220310,2022-03-10,10.0,3,March,Q1,2022,Thursday,False,FY2022
20220722,2022-07-22,22.0,7,July,Q3,2022,Friday,False,FY2023
20210615,2021-06-15,15.0,6,June,q2,2021,Tuesday,False,FY2022
20230112,2023-01-12,12.0,1,January,Q1,2023,Thursday,False,FY2023
20240424,2024-04-24,24.0,4,April,Q2,2024,Wednesday,False,FY2025
20220429,2022-04-29,29.0,4,April,Q2,2022,friday,False,FY2023
20241106,2024-11-06,6.0,11,  November,Q4,2024,Wednesday,False,  FY2025  
20230727,2023-07-27,27.0,7,July,Q3,2023,thursday   ,False,FY2024
20220314,2022-03-14,14.0,3,March,Q1,2022,Monday,False,FY2022
20230220,2023-02-20,20.0,2,February,Q1,2023,Monday,False,FY2023
20220703,2022-07-03,3.0,7,July,Q3,2022,Sunday,True,Fy2023   
20230504,2023-05-04,4.0,5,May,Q2,2023,Thursday,False,FY2024
20231222,2023-12-22,22.0,12,December,Q4,2023,Friday   ,False,FY2024
20220309,2022-03-09,9.0,3,  March,Q1,2022,Wednesday,False,FY2022
20230222,2023-02-22,22.0,2,February,Q1,2023,Wednesday,False,FY2023
20221206,2022-12-06,,12,DECEMBER,Q4,2022,Tuesday,False,FY2023
20240224,2024-02-24,24.0,2,  February,Q1,2024,Saturday,True,FY2024
20230423,2023-04-23,23.0,4,April,Q2,2023,  Sunday,True,FY2024
20231005,2023-10-05,5.0,10,October,Q4,2023,Thursday,False,FY2024
20240420,2024-04-20,20.0,4,April,q2,2024,  SATURDAY,True,FY2025
20240925,2024-09-25,25.0,9,  SEPTEMBER,  Q3,2024,wednesday,False,FY2025
20221105,2022-11-05,5.0,11,November,Q4,2022,Saturday,,FY2023
20230714,2023-07-14,,7,July,Q3,2023,Friday,False,fy2024
20221118,2022-11-18,18.0,11,November,Q4,2022,Friday,False,FY2023
20240622,2024-06-22,22.0,6,June,Q2,2024,Saturday,,FY2025
20230413,2023-04-13,13.0,4,April,Q2,2023,Thursday,False,FY2024
20230329,2023-03-29,29.0,3,March,Q1,2023,Wednesday   ,False,FY2023
20230123,2023-01-23,23.0,1,January,Q1,2023,Monday,False,FY2023
20210502,2021-05-02,2.0,5,May,Q2,2021,Sunday   ,True,FY2022
20221201,2022-12-01,1.0,12,December,Q4,2022,thursday,False,FY2023
20230527,2023-05-27,27.0,5,  May  ,Q2,2023,Saturday,True,FY2024
20240806,2024-08-06,6.0,8,August,Q3,2024,Tuesday,False,FY2025
20231107,2023-11-07,7.0,11,November,Q4,2023,Tuesday,False,FY2024
20240408,2024-04-08,8.0,4,april,Q2,2024,Monday,,FY2025
20220802,2022-08-02,2.0,8,August,Q3,2022,TUESDAY   ,False,FY2023
20230506,2023-05-06,6.0,5,May,Q2,2023,SATURDAY,True,FY2024
20240802,2024-08-02,2.0,8,August,Q3,2024,Friday,False,FY2025
20210208,2021-02-08,8.0,2,  February,Q1,2021,monday,False,FY2021
20210201,2021-02-01,1.0,2,February,Q1,2021,Monday,False,FY2021
20240505,2024-05-05,5.0,5,May,Q2,2024,Sunday,True,FY2025
20210417,2021-04-17,17.0,4,April,Q2,2021,Saturday,True,FY2022
20210124,2021-01-24,24.0,1,  january,Q1,2021,Sunday,True,FY2021
20221212,2022-12-12,12.0,12,December,Q4,2022,Monday,False,FY2023
20210311,2021-03-11,11.0,3,March,Q1,2021,  Thursday,False,FY2021
20231010,2023-10-10,10.0,10,October,Q4,2023,Tuesday   ,False,FY2024
20240125,2024-01-25,25.0,1,January,Q1,2024,Thursday,False,FY2024
20221218,2022-12-18,,12,december,Q4,2022,SUNDAY   ,True,FY2023
20240202,2024-02-02,2.0,2,February,Q1,2024,Friday,False,FY2024
20241104,2024-11-04,4.0,11,November,Q4,2024,Monday,False,FY2025
20240104,2024-01-04,,1,january,Q1,2024,Thursday,False,FY2024
20220117,2022-01-17,17.0,1,January,Q1,2022,Monday,,FY2022
20221021,2022-10-21,21.0,10,  OCTOBER,Q4,2022,Friday,False,  FY2023
20240223,2024-02-23,23.0,2,February,Q1,2024,Friday,False,FY2024
20210923,2021-09-23,23.0,9,September,Q3,2021,Thursday,False,FY2022
20230503,2023-05-03,3.0,5,May,Q2,2023,Wednesday,,FY2024   
20231014,2023-10-14,14.0,10,October,Q4,2023,Saturday,True,FY2024
20240209,2024-02-09,9.0,2,February,Q1,2024,FRIDAY,False,FY2024
20231201,2023-12-01,1.0,12,  DECEMBER,Q4,2023,Friday,False,FY2024
20220520,2022-05-20,20.0,5,May,Q2,2022,Friday,False,FY2023
20211004,2021-10-04,,10,October,Q4,2021,Monday,,FY2022
20230321,2023-03-21,21.0,3,March   ,Q1,2023,Tuesday,False,FY2023
20211206,2021-12-06,6.0,12,December,Q4,2021,monday,False,FY2022
20241122,2024-11-22,22.0,11,November,Q4,2024,Friday,False,FY2025
20230804,2023-08-04,4.0,8,  August,Q3,2023,Friday,False,FY2024
20241209,2024-12-09,9.0,12,  DECEMBER  ,Q4,2024,Monday,False,FY2025
20210705,2021-07-05,5.0,7,july,Q3,2021,Monday,False,FY2022
20230310,2023-03-10,10.0,3,March,Q1,2023,Friday,False,FY2023
20230720,2023-07-20,20.0,7,JULY,q3,2023,Thursday,False,FY2024
20230115,2023-01-15,15.0,1,january,  Q1,2023,Sunday,True,  fy2023
20230906,2023-09-06,6.0,9,September,Q3,2023,Wednesday,False,FY2024
20220326,2022-03-26,26.0,3,March,Q1   ,2022,Saturday,True,FY2022
20210303,2021-03-03,3.0,3,march,Q1,2021,Wednesday,False,FY2021
20230309,2023-03-09,9.0,3,March,Q1,2023,Thursday,False,FY2023
20241018,2024-10-18,18.0,10,October,Q4,2024,Friday,,Fy2025
20240402,2024-04-02,2.0,4,April,  Q2,2024,Tuesday,False,FY2025
20240224,2024-02-24,24.0,2,  February,Q1,2024,Saturday,True,FY2024
20241127,2024-11-27,27.0,11,November,Q4,2024,Wednesday,False,FY2025
20210713,2021-07-13,13.0,7,July,Q3,2021,Tuesday,False,FY2022
20221009,2022-10-09,9.0,10,October,Q4,2022,Sunday,True,Fy2023
20210203,2021-02-03,3.0,2,February,Q1,2021,Wednesday,False,FY2021
20241116,2024-11-16,16.0,11,NOVEMBER,Q4,2024,saturday,True,FY2025
20230312,2023-03-12,12.0,3,  MARCH,Q1,2023,SUNDAY   ,True,FY2023
20210227,2021-02-27,27.0,2,  February  ,Q1,2021,Saturday,True,FY2021
20230728,2023-07-28,28.0,7,July,Q3,2023,Friday   ,False,FY2024
20240627,2024-06-27,27.0,6,June,Q2,2024,Thursday,False,  FY2025
20211225,2021-12-25,25.0,12,December,Q4,2021,Saturday,True,FY2022
20231206,2023-12-06,6.0,12,December,  Q4,2023,  Wednesday,False,FY2024
20211117,2021-11-17,17.0,11,November,Q4,2021,Wednesday,False,FY2022
20210310,2021-03-10,10.0,3,  March,Q1,2021,Wednesday,False,fy2021
20211019,2021-10-19,19.0,10,October,Q4,2021,tuesday,,FY2022
20210216,2021-02-16,16.0,2,February,Q1,2021,Tuesday,False,FY2021
20230713,2023-07-13,13.0,7,July,Q3,2023,Thursday,False,FY2024
20211005,2021-10-05,5.0,10,October,Q4,2021,Tuesday,,FY2022
20210927,2021-09-27,27.0,9,September,Q3,2021,Monday,False,FY2022
20210813,2021-08-13,13.0,8,August,Q3,2021,Friday   ,False,FY2022
20230515,2023-05-15,15.0,5,May,q2,2023,Monday,False,FY2024
20220117,2022-01-17,17.0,1,January,Q1,2022,Monday,,FY2022
20230203,2023-02-03,3.0,2,February,Q1,2023,friday,False,FY2023
20211231,2021-12-31,31.0,12,December,Q4,2021,Friday,False,FY2022
20211009,2021-10-09,9.0,10,October,Q4,2021,Saturday,True,FY2022
20231022,2023-10-22,22.0,10,October,Q4,2023,Sunday,,FY2024
20230213,2023-02-13,13.0,2,February,Q1,2023,Monday,False,fy2023
20241211,2024-12-11,11.0,12,  DECEMBER,Q4,2024,Wednesday,,FY2025
20210308,2021-03-08,8.0,3,March,Q1,2021,Monday,False,FY2021
20240418,2024-04-18,18.0,4,April,Q2,2024,Thursday,,FY2025
20231122,2023-11-22,22.0,11,November,Q4,2023,Wednesday,False,FY2024
20230518,2023-05-18,18.0,5,May,Q2,2023,Thursday,False,FY2024
20210129,2021-01-29,29.0,1,January,Q1,2021,Friday,False,FY2021
20211022,2021-10-22,22.0,10,October,Q4,2021,Friday,False,FY2022
20210424,2021-04-24,24.0,4,  April,Q2   ,2021,Saturday,True,FY2022
20210903,2021-09-03,3.0,9,September,Q3,2021,Friday,,FY2022
20231020,2023-10-20,20.0,10,October,Q4,2023,Friday,False,FY2024
20240331,2024-03-31,31.0,3,March,Q1,2024,Sunday,True,FY2024
20230908,2023-09-08,8.0,9,September,Q3,2023,Friday,False,FY2024
20220216,2022-02-16,16.0,2,February,Q1,2022,Wednesday,False,FY2022
20220410,2022-04-10,10.0,4,April,Q2,2022,Sunday,True,FY2023
20240218,2024-02-18,18.0,2,February,Q1,2024,  Sunday,True,FY2024
20210427,2021-04-27,27.0,4,April,Q2,2021,Tuesday,False,FY2022
20221229,2022-12-29,29.0,12,December,Q4,2022,Thursday,False,FY2023
20210324,2021-03-24,24.0,3,March,Q1,2021,Wednesday,False,FY2021
20210905,2021-09-05,5.0,9,September,Q3,2021,Sunday,True,FY2022
20221028,2022-10-28,28.0,10,October   ,Q4,2022,  friday,False,FY2023
20231001,2023-10-01,1.0,10,October,Q4,2023,Sunday,True,FY2024
20241110,2024-11-10,10.0,11,November,Q4,2024,Sunday,True,FY2025
20210403,2021-04-03,3.0,4,April,Q2,2021,Saturday,,FY2022
20210425,2021-04-25,25.0,4,April,Q2,2021,Sunday,True,FY2022
20210912,2021-09-12,12.0,9,September,Q3,2021,Sunday,,FY2022
20220306,2022-03-06,6.0,3,March,Q1,2022,Sunday,,FY2022
20220812,2022-08-12,12.0,8,August,Q3,2022,Friday,False,FY2023
20240812,2024-08-12,12.0,8,August,  Q3,2024,Monday,False,FY2025
20221007,2022-10-07,7.0,10,October,Q4,2022,Friday,False,FY2023
20210429,2021-04-29,29.0,4,April,Q2,2021,THURSDAY,False,FY2022
20210513,2021-05-13,13.0,5,May,Q2,2021,Thursday,False,FY2022
20240921,2024-09-21,21.0,9,September,Q3,2024,  saturday  ,True,FY2025
20230429,2023-04-29,29.0,4,April,Q2,2023,Saturday,True,FY2024
20210904,2021-09-04,4.0,9,September,Q3,2021,Saturday   ,True,FY2022
20240525,2024-05-25,25.0,5,may   ,Q2,2024,Saturday,True,FY2025
20230215,2023-02-15,15.0,2,February,Q1,2023,Wednesday,False,FY2023
20220707,2022-07-07,7.0,7,July,q3,2022,Thursday,False,FY2023
20240119,2024-01-19,19.0,1,January,Q1,2024,Friday,False,fy2024
20240501,2024-05-01,1.0,5,May,Q2,2024,Wednesday,False,FY2025
20240714,2024-07-14,14.0,7,July,Q3,2024,Sunday,True,FY2025
20210214,2021-02-14,,2,February,Q1,2021,Sunday,True,FY2021
20221227,2022-12-27,,12,December,Q4,2022,Tuesday,,FY2023
20240715,2024-07-15,15.0,7,July,q3,2024,MONDAY,False,FY2025
20221014,2022-10-14,14.0,10,October,q4,2022,  Friday,False,FY2023
20240316,2024-03-16,16.0,3,March   ,Q1,2024,Saturday,True,FY2024
20240217,2024-02-17,17.0,2,february,Q1,2024,Saturday,True,FY2024
20240828,2024-08-28,28.0,8,  august,Q3,2024,Wednesday,,Fy2025   
20230709,2023-07-09,9.0,7,July,Q3,2023,Sunday,True,FY2024
20220618,2022-06-18,18.0,6,June,Q2,2022,Saturday,True,FY2023
20230513,2023-05-13,13.0,5,May,Q2,2023,Saturday,True,fy2024
20211122,2021-11-22,22.0,11,November,Q4   ,2021,Monday,,FY2022
20240913,2024-09-13,13.0,9,September,Q3,2024,Friday,False,FY2025
20230617,2023-06-17,17.0,6,June,Q2,2023,SATURDAY,True,FY2024
20211206,2021-12-06,6.0,12,December,Q4,2021,monday,False,FY2022
20231104,2023-11-04,4.0,11,November,Q4,2023,Saturday,True,FY2024
20221108,2022-11-08,8.0,11,November,Q4,2022,  TUESDAY  ,False,FY2023
20210115,2021-01-15,15.0,1,January,Q1,2021,Friday,False,FY2021
20220516,2022-05-16,16.0,5,MAY,Q2   ,2022,MONDAY,False,FY2023   
20210104,2021-01-04,4.0,1,January   ,Q1,2021,Monday,False,FY2021
20240112,2024-01-12,12.0,1,January,q1,2024,Friday   ,False,FY2024
20230725,2023-07-25,25.0,7,July,Q3,2023,  Tuesday  ,False,FY2024
20240915,2024-09-15,15.0,9,  September  ,Q3,2024,Sunday,True,FY2025
20220824,2022-08-24,24.0,8,August,q3,2022,Wednesday,False,FY2023
20230526,2023-05-26,26.0,5,May,Q2,2023,Friday,False,FY2024   
20211001,2021-10-01,1.0,10,October,Q4,2021,Friday,False,fy2022
20221116,2022-11-16,16.0,11,November,Q4,2022,wednesday,False,FY2023
20241114,2024-11-14,14.0,11,November,Q4,2024,Thursday,,FY2025
20240208,2024-02-08,8.0,2,February,Q1,2024,Thursday,False,FY2024
20220107,2022-01-07,7.0,1,January,Q1,2022,FRIDAY,False,FY2022
20210929,2021-09-29,29.0,9,September,Q3,2021,  Wednesday,False,FY2022
20220829,2022-08-29,29.0,8,August,Q3,2022,Monday,,FY2023
20240607,2024-06-07,7.0,6,  June,Q2,2024,Friday,False,FY2025
20210803,2021-08-03,3.0,8,August,Q3,2021,TUESDAY,False,FY2022
20241117,2024-11-17,17.0,11,November,Q4,2024,Sunday,,FY2025
20211211,2021-12-11,11.0,12,december,Q4,2021,Saturday,,FY2022
20230419,2023-04-19,19.0,4,April   ,Q2,2023,Wednesday,False,FY2024
20210528,2021-05-28,28.0,5,may,  Q2,2021,Friday,False,FY2022
20231019,2023-10-19,,10,  October,Q4,2023,Thursday,False,FY2024
20241128,2024-11-28,28.0,11,november,Q4,2024,Thursday,False,FY2025
20220217,2022-02-17,17.0,2,February   ,Q1,2022,Thursday,False,FY2022
20240508,2024-05-08,8.0,5,May,Q2,2024,Wednesday,False,FY2025
20230223,2023-02-23,23.0,2,  FEBRUARY,Q1,2023,Thursday,False,FY2023
20211209,2021-12-09,9.0,12,December,Q4,2021,Thursday,False,FY2022
20230806,2023-08-06,,8,AUGUST,Q3,2023,Sunday,True,FY2024
20230118,2023-01-18,18.0,1,January,Q1,2023,Wednesday,False,FY2023
20210623,2021-06-23,23.0,6,JUNE,Q2,2021,Wednesday,False,FY2022
20220113,2022-01-13,13.0,1,january   ,Q1,2022,Thursday,False,FY2022
20230109,2023-01-09,9.0,1,January,Q1,2023,Monday,False,FY2023
20241108,2024-11-08,8.0,11,November,Q4,2024,Friday,,FY2025
20210222,2021-02-22,22.0,2,February,Q1,2021,Monday,False,FY2021
20210119,2021-01-19,19.0,1,January,  Q1,2021,  Tuesday,False,fy2021
20210810,2021-08-10,10.0,8,August,Q3,2021,Tuesday,False,FY2022
20240822,2024-08-22,22.0,8,August,Q3,2024,Thursday,False,FY2025
20240911,2024-09-11,11.0,9,September,Q3,2024,Wednesday,False,FY2025
20220729,2022-07-29,29.0,7,July,Q3,2022,Friday,False,FY2023
20240215,2024-02-15,15.0,2,February,Q1,2024,Thursday,False,FY2024
20210406,2021-04-06,6.0,4,april,Q2,2021,Tuesday,False,FY2022
20210919,2021-09-19,19.0,9,September,Q3,2021,Sunday,True,FY2022
20220609,2022-06-09,9.0,6,June,Q2,2022,thursday,False,FY2023
20220105,2022-01-05,5.0,1,JANUARY,Q1,2022,Wednesday,False,FY2022
20210629,2021-06-29,29.0,6,june   ,Q2,2021,  tuesday,False,FY2022   
20240201,2024-02-01,1.0,2,February,Q1,2024,Thursday,False,FY2024
20221218,2022-12-18,,12,december,Q4,2022,SUNDAY   ,True,FY2023
20220928,2022-09-28,28.0,9,  September  ,Q3,2022,Wednesday,False,FY2023
20210704,2021-07-04,4.0,7,July,Q3,2021,Sunday,True,FY2022
20220413,2022-04-13,13.0,4,April,Q2   ,2022,Wednesday,False,FY2023
20230623,2023-06-23,23.0,6,June,  Q2,2023,Friday   ,False,FY2024
20210313,2021-03-13,13.0,3,March,Q1,2021,saturday,True,FY2021
20240315,2024-03-15,15.0,3,March,Q1,2024,Friday,False,FY2024
20241003,2024-10-03,,10,October,Q4,2024,Thursday,False,FY2025
20211213,2021-12-13,13.0,12,December,Q4,2021,MONDAY,False,FY2022
20240422,2024-04-22,22.0,4,April,Q2,2024,Monday,False,FY2025
20210130,2021-01-30,30.0,1,January,Q1,2021,Saturday,True,FY2021
20230308,2023-03-08,8.0,3,March,Q1,2023,Wednesday   ,False,FY2023
20231130,2023-11-30,30.0,11,  November,  Q4  ,2023,Thursday,False,Fy2024
20210607,2021-06-07,7.0,6,June,Q2,2021,Monday,False,FY2022
20230722,2023-07-22,22.0,7,July,Q3,2023,Saturday,True,FY2024
20221021,2022-10-21,21.0,10,  OCTOBER,Q4,2022,Friday,False,  FY2023
20220918,2022-09-18,18.0,9,September,Q3,2022,Sunday,True,FY2023
20220130,2022-01-30,30.0,1,January,  Q1,2022,Sunday,True,FY2022
20231213,2023-12-13,13.0,12,December,Q4,2023,WEDNESDAY,False,FY2024
20230916,2023-09-16,16.0,9,September,q3,2023,Saturday,True,FY2024
20221020,2022-10-20,20.0,10,October,Q4,2022,Thursday,False,FY2023
20240906,2024-09-06,6.0,9,September   ,Q3,2024,Friday,False,FY2025
20220207,2022-02-07,7.0,2,February,Q1,2022,MONDAY,False,FY2022   
20230917,2023-09-17,17.0,9,September,  Q3,2023,  SUNDAY,,FY2024
20221109,2022-11-09,9.0,11,November,  Q4,2022,wednesday,False,FY2023
20240801,2024-08-01,1.0,8,August,Q3,2024,Thursday,False,FY2025
20240605,2024-06-05,5.0,6,JUNE,Q2,2024,Wednesday,False,fy2025
20230403,2023-04-03,3.0,4,April,Q2,2023,Monday,False,FY2024
20230822,2023-08-22,22.0,8,August,Q3,2023,Tuesday,False,FY2024
20230416,2023-04-16,16.0,4,APRIL,Q2,2023,Sunday,,FY2024
20231031,2023-10-31,31.0,10,October,Q4,2023,Tuesday,False,FY2024
20220703,2022-07-03,3.0,7,July,Q3,2022,Sunday,True,Fy2023   
20230729,2023-07-29,29.0,7,  july  ,Q3,2023,Saturday   ,True,FY2024
20231121,2023-11-21,21.0,11,NOVEMBER,Q4,2023,Tuesday,False,FY2024
20240107,2024-01-07,7.0,1,January,Q1,2024,Sunday,True,FY2024
20221123,2022-11-23,23.0,11,NOVEMBER,Q4,2022,Wednesday,,FY2023
20240109,2024-01-09,9.0,1,January   ,Q1,2024,Tuesday,False,FY2024
20211201,2021-12-01,1.0,12,December,Q4,2021,Wednesday,False,FY2022
20230524,2023-05-24,24.0,5,May,  Q2  ,2023,Wednesday,False,FY2024
20230317,2023-03-17,17.0,3,March,Q1,2023,friday,False,FY2023
20210108,2021-01-08,8.0,1,January,Q1,2021,Friday,False,  FY2021
20220602,2022-06-02,2.0,6,June,Q2,2022,thursday,False,FY2023
20210717,2021-07-17,17.0,7,July,Q3   ,2021,Saturday,True,FY2022
20211024,2021-10-24,24.0,10,October,Q4,2021,sunday,True,FY2022
20240914,2024-09-14,14.0,9,September,Q3,2024,Saturday,True,FY2025
20210608,2021-06-08,8.0,6,June,Q2,2021,Tuesday,False,  FY2022  
20241115,2024-11-15,15.0,11,November,Q4,2024,Friday,False,FY2025
20210503,2021-05-03,3.0,5,MAY   ,Q2,2021,Monday,False,FY2022
20220114,2022-01-14,14.0,1,January   ,Q1   ,2022,Friday   ,False,FY2022
20231129,2023-11-29,29.0,11,November,Q4,2023,  Wednesday,False,FY2024
20240322,2024-03-22,22.0,3,March,Q1,2024,Friday,False,FY2024
20241028,2024-10-28,28.0,10,October,Q4,2024,Monday,False,FY2025
20210612,2021-06-12,12.0,6,June,Q2,2021,Saturday,True,FY2022
20240401,2024-04-01,1.0,4,April,Q2,2024,  Monday,False,FY2025
20231228,2023-12-28,28.0,12,December,Q4,2023,Thursday,False,FY2024
20210505,2021-05-05,5.0,5,May,Q2,2021,Wednesday,False,FY2022
20220706,2022-07-06,6.0,7,July,Q3,2022,Wednesday,False,FY2023   
20210105,2021-01-05,5.0,1,January   ,q1,2021,Tuesday,False,FY2021
20230705,2023-07-05,5.0,7,July,Q3,2023,Wednesday,False,FY2024
20230817,2023-08-17,17.0,8,August,Q3,2023,Thursday   ,False,FY2024
20221118,2022-11-18,18.0,11,November,Q4,2022,Friday,False,FY2023
20230813,2023-08-13,13.0,8,August,Q3,2023,Sunday,True,FY2024
20220904,2022-09-04,4.0,9,  SEPTEMBER  ,Q3,2022,Sunday,True,FY2023
20211015,2021-10-15,15.0,10,October,Q4,2021,Friday,False,FY2022
20230815,2023-08-15,15.0,8,August,Q3,2023,Tuesday,False,FY2024
20231117,2023-11-17,17.0,11,November,Q4,2023,Friday,False,FY2024
20220625,2022-06-25,25.0,6,June,Q2,2022,Saturday,True,FY2023   
20241129,2024-11-29,29.0,11,November,Q4,2024,Friday,False,FY2025
20230628,2023-06-28,28.0,6,June,Q2,2023,Wednesday,False,FY2024
20220522,2022-05-22,22.0,5,May   ,Q2,2022,Sunday,True,FY2023
20211223,2021-12-23,23.0,12,December,  Q4  ,2021,THURSDAY,False,FY2022
20240903,2024-09-03,3.0,9,September,Q3,2024,Tuesday,False,FY2025
20211219,2021-12-19,19.0,12,December,Q4,2021,Sunday,True,FY2022
20230425,2023-04-25,25.0,4,April,  Q2,2023,Tuesday,False,FY2024   
20240229,2024-02-29,29.0,2,February,Q1,2024,Thursday,,FY2024
20230417,2023-04-17,17.0,4,April,Q2,2023,monday,False,FY2024
20230805,2023-08-05,5.0,8,August,Q3,2023,Saturday,True,FY2024
20221030,2022-10-30,30.0,10,October,Q4,2022,Sunday,True,FY2023
20230606,2023-06-06,6.0,6,June,Q2,2023,Tuesday,,fy2024
20240708,2024-07-08,8.0,7,July,Q3,2024,Monday,False,FY2025
20240414,2024-04-14,14.0,4,April,Q2,2024,Sunday,,FY2025
20211130,2021-11-30,30.0,11,November,Q4,2021,Tuesday,False,FY2022
20210603,2021-06-03,3.0,6,June,Q2,2021,Thursday,,FY2022
20230227,2023-02-27,27.0,2,February,Q1,2023,Monday,False,FY2023
20220517,2022-05-17,17.0,5,may,Q2,2022,Tuesday,False,FY2023
20221223,2022-12-23,23.0,12,December,q4,2022,Friday,False,  Fy2023
20220109,2022-01-09,9.0,1,January,Q1,2022,Sunday,True,FY2022
20220814,2022-08-14,14.0,8,August,Q3,2022,Sunday,True,FY2023
20211109,2021-11-09,9.0,11,November,Q4,2021,Tuesday,False,FY2022
20210212,2021-02-12,12.0,2,February,Q1,2021,Friday,,FY2021
20220421,2022-04-21,21.0,4,April,Q2,2022,Thursday,False,FY2023
20221008,2022-10-08,8.0,10,October,Q4,2022,Saturday,True,  FY2023  
20230815,2023-08-15,15.0,8,August,Q3,2023,Tuesday,False,FY2024
20230830,2023-08-30,30.0,8,August,Q3,2023,Wednesday   ,False,FY2024
20230213,2023-02-13,13.0,2,February,Q1,2023,Monday,False,fy2023
20220607,2022-06-07,7.0,6,June   ,Q2,2022,Tuesday,False,FY2023
20230607,2023-06-07,7.0,6,june,Q2,2023,Wednesday,False,FY2024
20230202,2023-02-02,2.0,2,February,Q1,2023,Thursday,,FY2023
20220123,2022-01-23,23.0,1,January,Q1,2022,Sunday,True,FY2022
20220713,2022-07-13,13.0,7,July,Q3,2022,Wednesday,False,FY2023
20241119,2024-11-19,19.0,11,November,Q4,2024,Tuesday,False,FY2025
20221206,2022-12-06,,12,DECEMBER,Q4,2022,Tuesday,False,FY2023
20240217,2024-02-17,17.0,2,february,Q1,2024,Saturday,True,FY2024
20230305,2023-03-05,5.0,3,March,Q1,2023,Sunday,True,FY2023
20230304,2023-03-04,4.0,3,March,Q1,2023,Saturday,True,FY2023
20230803,2023-08-03,3.0,8,August,Q3,2023,Thursday,False,FY2024
20210618,2021-06-18,,6,June,Q2,2021,Friday,False,FY2022
20240329,2024-03-29,29.0,3,March,Q1,2024,Friday,False,FY2024
20211227,2021-12-27,27.0,12,December,Q4   ,2021,Monday,False,FY2022
20231016,2023-10-16,16.0,10,October,Q4,2023,Monday,,FY2024
20230726,2023-07-26,26.0,7,July,Q3,2023,Wednesday,False,fy2024
20230114,2023-01-14,14.0,1,January,Q1,2023,  Saturday  ,True,FY2023
20210930,2021-09-30,30.0,9,September,Q3,2021,Thursday,False,FY2022
20220604,2022-06-04,4.0,6,June,Q2,2022,SATURDAY,True,Fy2023
20230326,2023-03-26,26.0,3,March,Q1,2023,sunday,True,FY2023
20230330,2023-03-30,30.0,3,March,Q1,2023,Thursday,False,FY2023
20241102,2024-11-02,2.0,11,November,Q4,2024,Saturday,True,fy2025
20230105,2023-01-05,5.0,1,January,Q1,2023,Thursday,False,FY2023
20220409,2022-04-09,,4,April   ,Q2,2022,Saturday,True,Fy2023
20210823,2021-08-23,23.0,8,August,Q3,2021,Monday,,FY2022
20221222,2022-12-22,22.0,12,December,Q4,2022,Thursday,False,FY2023
20220617,2022-06-17,17.0,6,June,Q2,2022,  FRIDAY,False,FY2023
20240127,2024-01-27,27.0,1,January,Q1,2024,Saturday,True,FY2024
20210509,2021-05-09,9.0,5,May,Q2,2021,Sunday,True,FY2022
20230926,2023-09-26,26.0,9,September,Q3,2023,Tuesday,False,FY2024
20220918,2022-09-18,18.0,9,September,Q3,2022,Sunday,True,FY2023
20220629,2022-06-29,29.0,6,June,  Q2,2022,Wednesday,,FY2023
20220115,2022-01-15,15.0,1,January,Q1,2022,Saturday,True,FY2022
20210723,2021-07-23,23.0,7,July,Q3,2021,Friday,False,FY2022
20211210,2021-12-10,10.0,12,December,Q4,2021,Friday,False,FY2022
20230606,2023-06-06,6.0,6,June,Q2,2023,Tuesday,,fy2024
20240511,2024-05-11,11.0,5,May,Q2,2024,SATURDAY   ,True,FY2025
20220603,2022-06-03,3.0,6,June,  Q2,2022,Friday,False,FY2023
20240417,2024-04-17,17.0,4,April,Q2,2024,wednesday,False,FY2025
20220504,2022-05-04,,5,MAY   ,Q2,2022,Wednesday,,FY2023
20240615,2024-06-15,15.0,6,June,Q2   ,2024,Saturday,True,FY2025
20210128,2021-01-28,28.0,1,January,Q1,2021,Thursday,False,FY2021
20241125,2024-11-25,25.0,11,November,Q4,2024,Monday,False,FY2025
20230707,2023-07-07,7.0,7,July,Q3,2023,friday,False,Fy2024
20210821,2021-08-21,,8,August,Q3,2021,Saturday,True,FY2022
20230306,2023-03-06,6.0,3,March,Q1,2023,Monday,False,FY2023
20220213,2022-02-13,13.0,2,february   ,Q1,2022,Sunday,True,FY2022
20240128,2024-01-28,28.0,1,  January  ,Q1,2024,  SUNDAY,True,FY2024
20220530,2022-05-30,30.0,5,May,Q2,2022,Monday   ,,FY2023
20240823,2024-08-23,23.0,8,August,Q3,2024,Friday,,FY2025
20220527,2022-05-27,27.0,5,May,Q2,2022,Friday,False,fy2023
20210423,2021-04-23,23.0,4,April,Q2,2021,Friday,False,FY2022
20230107,2023-01-07,7.0,1,January,Q1,2023,Saturday,True,fy2023
20210806,2021-08-06,6.0,8,August   ,Q3,2021,Friday,False,FY2022
20241016,2024-10-16,16.0,10,October,Q4,2024,Wednesday,False,FY2025
20220515,2022-05-15,15.0,5,May,Q2,2022,Sunday,True,FY2023
20220907,2022-09-07,7.0,9,September,Q3,2022,Wednesday,False,FY2023
20230724,2023-07-24,24.0,7,July,  Q3,2023,Monday,False,FY2024   
20210814,2021-08-14,14.0,8,August,Q3,2021,Saturday,True,FY2022
20231109,2023-11-09,9.0,11,NOVEMBER,Q4,2023,  Thursday  ,False,FY2024
20240407,2024-04-07,7.0,4,April,Q2,2024,Sunday,True,  FY2025  
20230514,2023-05-14,14.0,5,May,Q2,2023,Sunday,,FY2024
20240809,2024-08-09,9.0,8,  August  ,Q3,2024,Friday,False,FY2025
20210316,2021-03-16,16.0,3,MARCH,Q1,2021,Tuesday,False,FY2021
20240604,2024-06-04,4.0,6,June,Q2,2024,  Tuesday,False,FY2025
20220202,2022-02-02,2.0,2,february,Q1,2022,Wednesday,False,FY2022
20220625,2022-06-25,25.0,6,June,Q2,2022,Saturday,True,FY2023   
20211125,2021-11-25,25.0,11,November,Q4,2021,Thursday,False,FY2022
20230307,2023-03-07,,3,March,Q1,2023,Tuesday,False,FY2023
20230429,2023-04-29,29.0,4,April,Q2,2023,Saturday,True,FY2024
20210823,2021-08-23,23.0,8,August,Q3,2021,Monday,,FY2022
20221107,2022-11-07,7.0,11,November,Q4,2022,MONDAY   ,False,FY2023
20211226,2021-12-26,26.0,12,December,Q4,2021,Sunday,True,fy2022   
20210404,2021-04-04,4.0,4,April,Q2,2021,  Sunday  ,True,FY2022
20210802,2021-08-02,2.0,8,  August,Q3,2021,Monday   ,False,FY2022
20230210,2023-02-10,10.0,2,February,q1,2023,Friday,False,FY2023
20211204,2021-12-04,4.0,12,December,Q4,2021,Saturday,True,FY2022
20241220,2024-12-20,20.0,12,December,Q4,2024,Friday,,FY2025
20230315,2023-03-15,15.0,3,March,Q1,2023,Wednesday,False,fy2023
20210801,2021-08-01,1.0,8,August,Q3,2021,Sunday   ,True,FY2022
20220911,2022-09-11,11.0,9,SEPTEMBER,Q3,2022,  Sunday  ,True,FY2023
20240214,2024-02-14,14.0,2,FEBRUARY,Q1,2024,Wednesday,False,FY2024
20240328,2024-03-28,28.0,3,  march,Q1,2024,Thursday,False,FY2024
20240314,2024-03-14,14.0,3,March,Q1,2024,Thursday,False,FY2024
20240211,2024-02-11,11.0,2,February,Q1,2024,Sunday,True,FY2024
20210206,2021-02-06,6.0,2,FEBRUARY,Q1,2021,Saturday,True,FY2021
20210416,2021-04-16,16.0,4,april,Q2,2021,Friday,False,FY2022
20211229,2021-12-29,29.0,12,December,Q4,2021,Wednesday   ,False,FY2022
20230501,2023-05-01,1.0,5,May,Q2,2023,Monday,False,FY2024
20230127,2023-01-27,27.0,1,January,Q1,2023,Friday,False,FY2023
20230129,2023-01-29,29.0,1,January,Q1,2023,Sunday,True,FY2023
20220101,2022-01-01,1.0,1,January,Q1,2022,Saturday,True,FY2022
20230507,2023-05-07,7.0,5,May,Q2,2023,Sunday,,FY2024
20230410,2023-04-10,10.0,4,  April,Q2,2023,Monday,,FY2024
20221023,2022-10-23,23.0,10,  OCTOBER,Q4,2022,Sunday,True,FY2023
20230427,2023-04-27,27.0,4,April,Q2,2023,Thursday,False,FY2024
20220720,2022-07-20,20.0,7,JULY   ,Q3,2022,Wednesday   ,False,FY2023
20241007,2024-10-07,7.0,10,october,Q4   ,2024,Monday   ,False,FY2025
20210907,2021-09-07,7.0,9,  September  ,Q3,2021,Tuesday,False,FY2022
20220422,2022-04-22,22.0,4,April,Q2,2022,Friday,False,FY2023
20240528,2024-05-28,28.0,5,May,Q2,2024,Tuesday,,FY2025
20241201,2024-12-01,1.0,12,December,Q4,2024,sunday,True,FY2025
20210420,2021-04-20,20.0,4,April,Q2,2021,Tuesday,False,FY2022
20240403,2024-04-03,3.0,4,April,Q2,2024,Wednesday,,FY2025
20230221,2023-02-21,21.0,2,February,Q1,2023,Tuesday,False,FY2023
20220331,2022-03-31,31.0,3,MARCH,Q1,2022,Thursday   ,,FY2022
20240428,2024-04-28,28.0,4,April,Q2,2024,sunday,True,FY2025
20240415,2024-04-15,15.0,4,april,Q2,2024,Monday,False,FY2025
20240113,2024-01-13,13.0,1,January,Q1,2024,Saturday,True,FY2024
20210819,2021-08-19,19.0,8,August,Q3,2021,Thursday,False,FY2022
20240812,2024-08-12,12.0,8,August,  Q3,2024,Monday,False,FY2025
20221015,2022-10-15,15.0,10,October,Q4,2022,Saturday,True,FY2023
20210312,2021-03-12,12.0,3,March,Q1,2021,Friday,,FY2021
20220903,2022-09-03,3.0,9,September,Q3,2022,Saturday,,FY2023
20240320,2024-03-20,20.0,3,March,Q1,2024,Wednesday   ,False,FY2024
20221115,2022-11-15,15.0,11,NOVEMBER,Q4,2022,Tuesday,False,FY2023
20211221,2021-12-21,21.0,12,December,Q4,2021,Tuesday,False,FY2022
20221216,2022-12-16,16.0,12,December,Q4,2022,  Friday,False,FY2023
20220215,2022-02-15,15.0,2,February,Q1,2022,Tuesday,False,Fy2022
20240325,2024-03-25,25.0,3,March,Q1,2024,  Monday,,FY2024   
20240226,2024-02-26,26.0,2,February,Q1,2024,Monday,,FY2024
20211205,2021-12-05,5.0,12,December,Q4,2021,sunday,True,FY2022
20231023,2023-10-23,23.0,10,  October,Q4,2023,Monday,False,FY2024
20210213,2021-02-13,13.0,2,February,Q1,2021,Saturday,True,FY2021
20220624,2022-06-24,24.0,6,June,Q2,2022,Friday,,FY2023
20220825,2022-08-25,25.0,8,August,Q3,2022,thursday   ,False,FY2023
20240825,2024-08-25,25.0,8,august,Q3,2024,  SUNDAY,True,FY2025   
20230824,2023-08-24,24.0,8,August,Q3,2023,Thursday,,FY2024
20241030,2024-10-30,30.0,10,October,  Q4,2024,Wednesday,False,FY2025
20241205,2024-12-05,,12,December,Q4   ,2024,Thursday,False,fy2025
20210621,2021-06-21,21.0,6,june,Q2,2021,Monday,False,FY2022
20220222,2022-02-22,22.0,2,February,Q1,2022,Tuesday,False,FY2022
20230418,2023-04-18,18.0,4,April,Q2,2023,Tuesday,False,FY2024
20231107,2023-11-07,7.0,11,November,Q4,2023,Tuesday,False,FY2024
20230831,2023-08-31,31.0,8,  august  ,Q3,2023,Thursday,False,FY2024
20230318,2023-03-18,18.0,3,March,Q1   ,2023,Saturday,True,FY2023
20230602,2023-06-02,2.0,6,June,Q2,2023,Friday,,FY2024
20211119,2021-11-19,19.0,11,November,Q4,2021,Friday,False,FY2022
20221229,2022-12-29,29.0,12,December,Q4,2022,Thursday,False,FY2023
20220930,2022-09-30,30.0,9,September,Q3,2022,Friday,False,FY2023
20220228,2022-02-28,28.0,2,February,Q1,2022,  MONDAY,False,FY2022
20221229,2022-12-29,29.0,12,December,Q4,2022,Thursday,False,FY2023
20230826,2023-08-26,26.0,8,August,Q3,2023,Saturday,True,  FY2024  
20240901,2024-09-01,1.0,9,September,Q3,2024,Sunday,True,FY2025
20220112,2022-01-12,12.0,1,January,Q1,2022,Wednesday,False,FY2022
20220609,2022-06-09,9.0,6,June,Q2,2022,thursday,False,FY2023
20230617,2023-06-17,17.0,6,June,Q2,2023,SATURDAY,True,FY2024
20220315,2022-03-15,,3,March,Q1,2022,Tuesday,False,FY2022
20210917,2021-09-17,17.0,9,September,Q3,2021,Friday   ,False,FY2022
20210531,2021-05-31,31.0,5,May,Q2,2021,  Monday,,FY2022   
20231210,2023-12-10,10.0,12,December,Q4,2023,Sunday,True,FY2024
20240928,2024-09-28,28.0,9,September,Q3,2024,Saturday,True,FY2025
20230909,2023-09-09,9.0,9,September,q3,2023,Saturday,True,FY2024
20230813,2023-08-13,13.0,8,August,Q3,2023,Sunday,True,FY2024
20220220,2022-02-20,20.0,2,February,Q1,2022,  Sunday,True,FY2022
20241204,2024-12-04,4.0,12,DECEMBER,Q4,2024,Wednesday,False,FY2025
20210524,2021-05-24,,5,May,Q2,2021,Monday,False,Fy2022
20221219,2022-12-19,,12,December,Q4,2022,monday,False,FY2023
20220611,2022-06-11,11.0,6,June,Q2,2022,SATURDAY,True,FY2023
20231020,2023-10-20,20.0,10,October,Q4,2023,Friday,False,FY2024
20220807,2022-08-07,7.0,8,August,Q3,2022,Sunday,True,FY2023
20230903,2023-09-03,3.0,9,September,Q3,2023,Sunday,True,fy2024
20220721,2022-07-21,,7,July,Q3,2022,  THURSDAY,False,FY2023
20240517,2024-05-17,17.0,5,MAY,Q2,2024,friday,,FY2025
20220317,2022-03-17,17.0,3,March,Q1,2022,thursday,False,FY2022
20240301,2024-03-01,1.0,3,March,Q1,2024,Friday,False,FY2024
20241105,2024-11-05,5.0,11,November,Q4,2024,Tuesday,False,FY2025
20210624,2021-06-24,,6,June,Q2,2021,Thursday,False,FY2022
20220920,2022-09-20,20.0,9,September,Q3,2022,Tuesday,False,FY2023
20240718,2024-07-18,18.0,7,July,  Q3  ,2024,  Thursday,False,FY2025
20241202,2024-12-02,2.0,12,December,Q4,2024,Monday,False,FY2025
20240509,2024-05-09,9.0,5,may,Q2,2024,Thursday,False,fy2025
20210504,2021-05-04,4.0,5,May,q2,2021,Tuesday,False,FY2022
20210519,2021-05-19,19.0,5,  May,Q2,2021,Wednesday,False,FY2022
20230530,2023-05-30,30.0,5,May,Q2,2023,  Tuesday,False,FY2024
20231212,2023-12-12,12.0,12,December,Q4,2023,Tuesday,False,fy2024
20230103,2023-01-03,3.0,1,January,Q1,2023,Tuesday,False,FY2023
20220917,2022-09-17,17.0,9,September,q3,2022,Saturday,True,FY2023
20240723,2024-07-23,23.0,7,July,Q3,2024,Tuesday,,FY2025
20230224,2023-02-24,24.0,2,February,Q1,2023,Friday,False,FY2023
20211130,2021-11-30,30.0,11,November,Q4,2021,Tuesday,False,FY2022
20240928,2024-09-28,28.0,9,September,Q3,2024,Saturday,True,FY2025
20240704,2024-07-04,4.0,7,JULY,Q3,2024,thursday,False,FY2025
20210702,2021-07-02,2.0,7,July,Q3,2021,Friday,False,  FY2022
20220910,2022-09-10,10.0,9,september,Q3,2022,Saturday,True,FY2023
20240817,2024-08-17,17.0,8,August,Q3,2024,Saturday,True,FY2025
20221122,2022-11-22,22.0,11,November,Q4,2022,TUESDAY   ,False,FY2023
20210719,2021-07-19,19.0,7,july,Q3,2021,Monday,False,FY2022
20210829,2021-08-29,29.0,8,  AUGUST  ,Q3,2021,Sunday,True,FY2022
20240608,2024-06-08,8.0,6,June,Q2,2024,Saturday,True,FY2025
20240912,2024-09-12,12.0,9,September,Q3,2024,Thursday,False,FY2025
20220404,2022-04-04,4.0,4,April,Q2,2022,Monday,,FY2023
20221113,2022-11-13,13.0,11,NOVEMBER   ,Q4,2022,Sunday,True,FY2023
20220411,2022-04-11,11.0,4,April,Q2,2022,Monday,False,FY2023
20240402,2024-04-02,2.0,4,April,  Q2,2024,Tuesday,False,FY2025
20240406,2024-04-06,6.0,4,April,Q2,2024,Saturday,True,FY2025
20210526,2021-05-26,26.0,5,May,Q2,2021,Wednesday,False,FY2022
20210726,2021-07-26,26.0,7,july   ,Q3,2021,  MONDAY  ,False,FY2022
20241218,2024-12-18,18.0,12,December,Q4,2024,Wednesday,False,FY2025
20240427,2024-04-27,27.0,4,April,Q2,2024,Saturday,True,FY2025
20240415,2024-04-15,15.0,4,april,Q2,2024,Monday,False,FY2025
20211121,2021-11-21,21.0,11,November   ,Q4,2021,Sunday,True,FY2022
20221020,2022-10-20,20.0,10,October,Q4,2022,Thursday,False,FY2023
20240405,2024-04-05,5.0,4,APRIL   ,Q2,2024,Friday,False,Fy2025
20221216,2022-12-16,16.0,12,December,Q4,2022,  Friday,False,FY2023
20211219,2021-12-19,19.0,12,December,Q4,2021,Sunday,True,FY2022
20231228,2023-12-28,28.0,12,December,Q4,2023,Thursday,False,FY2024
20210806,2021-08-06,6.0,8,August   ,Q3,2021,Friday,False,FY2022
20210321,2021-03-21,21.0,3,March,Q1,2021,Sunday,True,FY2021
20220102,2022-01-02,2.0,1,January,Q1,2022,Sunday,True,FY2022
20230319,2023-03-19,19.0,3,March,Q1,2023,  Sunday  ,True,FY2023   
20221119,2022-11-19,19.0,11,November,Q4,2022,Saturday,True,FY2023
20210616,2021-06-16,16.0,6,june,Q2,2021,Wednesday,False,FY2022
20210818,2021-08-18,18.0,8,August,Q3,2021,Wednesday,False,FY2022
20240622,2024-06-22,22.0,6,June,Q2,2024,Saturday,,FY2025
20230922,2023-09-22,22.0,9,September,Q3,2023,Friday,,FY2024
20230111,2023-01-11,11.0,1,January,  Q1,2023,Wednesday,False,FY2023
20210411,2021-04-11,11.0,4,April,Q2,2021,Sunday,,FY2022
20211018,2021-10-18,18.0,10,October,q4,2021,MONDAY   ,False,FY2022
20220321,2022-03-21,21.0,3,March,Q1,2022,  monday  ,False,FY2022
20230529,2023-05-29,29.0,5,may   ,Q2,2023,Monday,False,FY2024
20241226,2024-12-26,26.0,12,December,Q4,2024,Thursday,False,FY2025
20231214,2023-12-14,14.0,12,December,Q4,2023,Thursday,False,FY2024   
20230110,2023-01-10,10.0,1,  January,Q1,2023,Tuesday,False,FY2023
20220127,2022-01-27,27.0,1,January,Q1,2022,Thursday,False,FY2022
20210328,2021-03-28,28.0,3,March,Q1,2021,Sunday,,FY2021
20211222,2021-12-22,22.0,12,December,  q4,2021,Wednesday,False,FY2022
20221029,2022-10-29,29.0,10,October,Q4,2022,Saturday,True,FY2023
20240629,2024-06-29,29.0,6,June,Q2,2024,  Saturday  ,True,FY2025
20220816,2022-08-16,16.0,8,August,Q3,2022,Tuesday,False,FY2023
20240402,2024-04-02,2.0,4,April,  Q2,2024,Tuesday,False,FY2025
20220421,2022-04-21,21.0,4,April,Q2,2022,Thursday,False,FY2023
20240719,2024-07-19,19.0,7,July   ,Q3,2024,Friday,False,FY2025
20210214,2021-02-14,,2,February,Q1,2021,Sunday,True,FY2021
20230228,2023-02-28,28.0,2,  February,Q1,2023,Tuesday,False,FY2023
20230930,2023-09-30,30.0,9,SEPTEMBER,Q3,2023,Saturday,True,FY2024
20240212,2024-02-12,12.0,2,February,Q1,2024,Monday,False,FY2024
20210125,2021-01-25,25.0,1,january   ,Q1,2021,Monday,False,FY2021
20240520,2024-05-20,20.0,5,May,Q2,2024,monday,False,FY2025
20230413,2023-04-13,13.0,4,April,Q2,2023,Thursday,False,FY2024
20240408,2024-04-08,8.0,4,april,Q2,2024,Monday,,FY2025
20220815,2022-08-15,15.0,8,August,Q3,2022,Monday,False,FY2023
20230626,2023-06-26,26.0,6,june,Q2,2023,Monday,False,FY2024
20230901,2023-09-01,1.0,9,September,Q3,2023,Friday,False,FY2024
20211018,2021-10-18,18.0,10,October,q4,2021,MONDAY   ,False,FY2022
20231221,2023-12-21,21.0,12,December,Q4,2023,Thursday,False,FY2024
20231123,2023-11-23,23.0,11,  November,Q4,2023,THURSDAY,False,FY2024
20230618,2023-06-18,18.0,6,June,Q2,2023,SUNDAY,True,FY2024
20210420,2021-04-20,20.0,4,April,Q2,2021,Tuesday,False,FY2022
20240306,2024-03-06,6.0,3,March,Q1,2024,Wednesday,,FY2024
20240916,2024-09-16,16.0,9,September,Q3,2024,Monday,False,Fy2025   
20210811,2021-08-11,11.0,8,August,Q3,2021,Wednesday,False,FY2022
20231119,2023-11-19,19.0,11,November,Q4,2023,  Sunday,True,FY2024
20240804,2024-08-04,4.0,8,AUGUST   ,q3   ,2024,Sunday,True,FY2025
20221224,2022-12-24,24.0,12,December,Q4,2022,Saturday,True,FY2023
20210225,2021-02-25,25.0,2,February,Q1,2021,Thursday,False,FY2021
20240407,2024-04-07,7.0,4,April,Q2,2024,Sunday,True,  FY2025  
20210911,2021-09-11,11.0,9,September,Q3,2021,  saturday,True,FY2022
20240809,2024-08-09,9.0,8,  August  ,Q3,2024,Friday,False,FY2025
20231209,2023-12-09,9.0,12,December,Q4,2023,Saturday,True,FY2024
20231207,2023-12-07,7.0,12,  December,Q4,2023,Thursday,False,FY2024
20240219,2024-02-19,19.0,2,FEBRUARY,Q1,2024,Monday,False,FY2024
20221005,2022-10-05,5.0,10,October,Q4,2022,Wednesday,False,FY2023
20220630,2022-06-30,30.0,6,June,Q2,2022,Thursday   ,False,fy2023
20220423,2022-04-23,23.0,4,April,Q2,2022,Saturday,True,FY2023
20230808,2023-08-08,8.0,8,August,Q3,2023,Tuesday   ,,FY2024
20210529,2021-05-29,29.0,5,May,Q2,2021,Saturday,True,  FY2022  
20230424,2023-04-24,,4,April,  Q2,2023,Monday,False,fy2024
20210305,2021-03-05,5.0,3,March   ,Q1,2021,Friday,False,FY2021
20220218,2022-02-18,18.0,2,February,Q1,2022,  Friday,False,FY2022
20220120,2022-01-20,20.0,1,January,Q1,2022,Thursday,False,FY2022
20211010,2021-10-10,10.0,10,October,Q4,2021,SUNDAY,True,FY2022
20230902,2023-09-02,2.0,9,September,Q3,2023,Saturday,True,FY2024
20240908,2024-09-08,8.0,9,September,Q3   ,2024,Sunday,True,FY2025
20230604,2023-06-04,4.0,6,June,Q2,2023,Sunday,True,fy2024
20220328,2022-03-28,28.0,3,March,Q1,2022,Monday,False,FY2022
20241010,2024-10-10,10.0,10,October,Q4,2024,Thursday,False,FY2025
20240612,2024-06-12,12.0,6,June,Q2,2024,Wednesday,False,FY2025
20221019,2022-10-19,19.0,10,October,Q4,2022,wednesday,False,  FY2023  
20230904,2023-09-04,4.0,9,September,Q3,2023,Monday,False,FY2024
20221226,2022-12-26,,12,December,Q4,2022,Monday,False,FY2023
20241219,2024-12-19,19.0,12,December,Q4,2024,Thursday,False,FY2025   
20230311,2023-03-11,11.0,3,MARCH,Q1,2023,Saturday,True,FY2023
20240820,2024-08-20,20.0,8,August,Q3,2024,  Tuesday,False,FY2025
20220105,2022-01-05,5.0,1,JANUARY,Q1,2022,Wednesday,False,FY2022
20221121,2022-11-21,21.0,11,November,Q4,2022,Monday,False,FY2023
20210808,2021-08-08,,8,August,Q3,2021,  sunday  ,,FY2022
20211211,2021-12-11,11.0,12,december,Q4,2021,Saturday,,FY2022
20240813,2024-08-13,13.0,8,August,Q3,2024,Tuesday,,FY2025
20210122,2021-01-22,22.0,1,January,Q1,2021,Friday,False,FY2021
20230131,2023-01-31,31.0,1,January,  Q1  ,2023,Tuesday,False,FY2023
20230520,2023-05-20,20.0,5,May,Q2,2023,Saturday,True,FY2024
20220225,2022-02-25,25.0,2,February,  Q1  ,2022,Friday   ,False,FY2022
20240911,2024-09-11,11.0,9,September,Q3,2024,Wednesday,False,FY2025
20210719,2021-07-19,19.0,7,july,Q3,2021,Monday,False,FY2022
20220327,2022-03-27,27.0,3,March,Q1,2022,Sunday,True,FY2022   
20240307,2024-03-07,7.0,3,March,Q1,2024,Thursday   ,False,FY2024
20231017,2023-10-17,17.0,10,October,q4,2023,tuesday,False,FY2024
20230118,2023-01-18,18.0,1,January,Q1,2023,Wednesday,False,FY2023
20230701,2023-07-01,1.0,7,July,Q3,2023,Saturday,True,FY2024
20221128,2022-11-28,28.0,11,November,Q4,2022,Monday,False,  FY2023
20241228,2024-12-28,28.0,12,December,  Q4,2024,Saturday,True,FY2025
20230323,2023-03-23,,3,March,Q1,2023,Thursday,False,FY2023
20220308,2022-03-08,8.0,3,  March  ,Q1,2022,Tuesday,False,FY2022
20240521,2024-05-21,,5,May,Q2,2024,Tuesday,False,FY2025
20210217,2021-02-17,17.0,2,February,Q1,2021,Wednesday,,FY2021
20230630,2023-06-30,30.0,6,June,Q2,2023,Friday,False,FY2024
20210610,2021-06-10,10.0,6,JUNE,Q2,2021,Thursday,,FY2022
20231116,2023-11-16,16.0,11,November,  Q4  ,2023,Thursday,False,FY2024
20220521,2022-05-21,21.0,5,May,Q2,2022,Saturday,,Fy2023   
20221108,2022-11-08,8.0,11,November,Q4,2022,  TUESDAY  ,False,FY2023
20240609,2024-06-09,9.0,6,June,Q2,2024,Sunday,True,FY2025
20220210,2022-02-10,,2,February,Q1,2022,Thursday,False,FY2022
20230731,2023-07-31,31.0,7,July,Q3,2023,Monday,False,FY2024
20211114,2021-11-14,14.0,11,November,Q4,2021,sunday,True,FY2022
20210703,2021-07-03,3.0,7,July,Q3,2021,Saturday,True,FY2022
20240126,2024-01-26,26.0,1,january,Q1,2024,FRIDAY,False,FY2024
20210410,2021-04-10,10.0,4,April,Q2,2021,  Saturday,True,FY2022
20210709,2021-07-09,9.0,7,  JULY,Q3,2021,Friday,False,fy2022
20220902,2022-09-02,2.0,9,September,Q3,2022,Friday,False,FY2023
20220919,2022-09-19,19.0,9,September,Q3,2022,Monday,False,fy2023
20220501,2022-05-01,1.0,5,May,Q2,2022,Sunday,,FY2023
20211006,2021-10-06,6.0,10,October,Q4,2021,WEDNESDAY,,FY2022
20220923,2022-09-23,23.0,9,September,Q3,2022,Friday,False,FY2023
20210121,2021-01-21,21.0,1,January,Q1,2021,Thursday,False,FY2021
20210620,2021-06-20,20.0,6,June   ,Q2,2021,  Sunday,True,FY2022
20241126,2024-11-26,26.0,11,November,Q4,2024,Tuesday,False,FY2025
20230621,2023-06-21,21.0,6,June,Q2,2023,Wednesday,False,FY2024
20231106,2023-11-06,6.0,11,November,Q4,2023,Monday,False,Fy2024
20210621,2021-06-21,21.0,6,june,Q2,2021,Monday,False,FY2022
20210626,2021-06-26,26.0,6,June,Q2,2021,Saturday,True,FY2022
20211124,2021-11-24,24.0,11,November,Q4,2021,Wednesday,False,FY2022
20221208,2022-12-08,8.0,12,December,Q4,2022,Thursday,False,FY2023
20240507,2024-05-07,7.0,5,May,q2,2024,Tuesday,False,FY2025
20220416,2022-04-16,16.0,4,April,Q2,2022,Saturday,True,FY2023
20230506,2023-05-06,6.0,5,May,Q2,2023,SATURDAY,True,FY2024
20230516,2023-05-16,16.0,5,May,Q2,2023,  Tuesday,False,FY2024
20210924,2021-09-24,24.0,9,september,Q3,2021,Friday,False,FY2022
20220908,2022-09-08,8.0,9,September,Q3   ,2022,Thursday,False,  FY2023
20230206,2023-02-06,6.0,2,February,Q1,2023,monday,False,FY2023
20210511,2021-05-11,11.0,5,MAY,Q2,2021,Tuesday,False,FY2022
20230516,2023-05-16,16.0,5,May,Q2,2023,  Tuesday,False,FY2024
20220115,2022-01-15,15.0,1,January,Q1,2022,Saturday,True,FY2022
20240924,2024-09-24,24.0,9,September,Q3,2024,Tuesday,False,  FY2025
20220321,2022-03-21,21.0,3,March,Q1,2022,  monday  ,False,FY2022
20220505,2022-05-05,5.0,5,May,Q2,2022,  Thursday,False,FY2023
20230702,2023-07-02,2.0,7,July,Q3,2023,Sunday,True,FY2024
20220830,2022-08-30,,8,August,Q3   ,2022,Tuesday,False,FY2023
20240502,2024-05-02,2.0,5,May,Q2,2024,Thursday,False,FY2025
20240310,2024-03-10,10.0,3,March,Q1,2024,Sunday,True,FY2024
20220221,2022-02-21,21.0,2,February,Q1,2022,Monday,False,  FY2022  
20230314,2023-03-14,14.0,3,March,Q1,2023,TUESDAY,False,FY2023
20230916,2023-09-16,16.0,9,September,q3,2023,Saturday,True,FY2024
20210211,2021-02-11,11.0,2,February,Q1,2021,Thursday,False,FY2021
20210602,2021-06-02,2.0,6,June,Q2,2021,Wednesday,False,FY2022
20230609,2023-06-09,9.0,6,June,Q2,2023,Friday   ,False,FY2024
20230430,2023-04-30,30.0,4,April,Q2,2023,Sunday,True,FY2024
20211007,2021-10-07,7.0,10,October,Q4,2021,Thursday,False,FY2022
20231101,2023-11-01,1.0,11,November,Q4,2023,Wednesday,False,FY2024
20210927,2021-09-27,27.0,9,September,Q3,2021,Monday,False,FY2022
20210407,2021-04-07,7.0,4,April,Q2,2021,Wednesday,False,FY2022
20210730,2021-07-30,30.0,7,July,  Q3  ,2021,Friday,False,Fy2022
20240319,2024-03-19,19.0,3,March,Q1,2024,Tuesday   ,False,FY2024
20220724,2022-07-24,24.0,7,July,q3,2022,Sunday,True,FY2023
20210701,2021-07-01,1.0,7,July,Q3,2021,thursday,False,FY2022
20230522,2023-05-22,22.0,5,May,Q2,2023,Monday,False,FY2024
20230301,2023-03-01,1.0,3,March,Q1,2023,  Wednesday  ,False,  fy2023
20240528,2024-05-28,28.0,5,May,Q2,2024,Tuesday,,FY2025
20220617,2022-06-17,17.0,6,June,Q2,2022,  FRIDAY,False,FY2023
20240619,2024-06-19,19.0,6,  JUNE  ,Q2,2024,Wednesday,False,FY2025
20240918,2024-09-18,18.0,9,September,Q3,2024,Wednesday,False,FY2025
20240105,2024-01-05,5.0,1,January,Q1,2024,Friday,False,FY2024
20221214,2022-12-14,14.0,12,December,Q4,2022,  Wednesday,,fy2023
20210319,2021-03-19,19.0,3,March,Q1,2021,Friday,False,FY2021
20210921,2021-09-21,21.0,9,September,Q3,2021,Tuesday,False,FY2022
20210123,2021-01-23,23.0,1,January,Q1,2021,Saturday,True,FY2021
20210530,2021-05-30,30.0,5,May,Q2,2021,Sunday,True,FY2022
20220322,2022-03-22,22.0,3,March,Q1,2022,tuesday,False,FY2022
20210217,2021-02-17,17.0,2,February,Q1,2021,Wednesday,,FY2021
20211125,2021-11-25,25.0,11,November,Q4,2021,Thursday,False,FY2022
20220415,2022-04-15,15.0,4,April,Q2,2022,Friday,False,FY2023
20220719,2022-07-19,19.0,7,July,Q3,2022,Tuesday,False,FY2023
20220407,2022-04-07,,4,April,Q2,2022,Thursday,False,FY2023
20240701,2024-07-01,1.0,7,July,Q3,2024,Monday,False,FY2025
20230616,2023-06-16,16.0,6,June,Q2,2023,Friday,False,FY2024
20241025,2024-10-25,25.0,10,October,Q4,2024,FRIDAY,False,FY2025
20240907,2024-09-07,7.0,9,  September,Q3,2024,  Saturday  ,True,FY2025
20221127,2022-11-27,27.0,11,November,  Q4  ,2022,Sunday,True,  FY2023
20240321,2024-03-21,21.0,3,March,Q1,2024,Thursday,False,FY2024
20230910,2023-09-10,10.0,9,September,Q3,2023,Sunday,True,FY2024
20230718,2023-07-18,18.0,7,July,Q3,2023,Tuesday,False,  FY2024  
20240819,2024-08-19,19.0,8,August,Q3,2024,Monday,False,FY2025
20240429,2024-04-29,29.0,4,April,Q2,2024,Monday,,FY2025
20220810,2022-08-10,10.0,8,August,Q3,2022,Wednesday,False,FY2023
20241004,2024-10-04,4.0,10,October,Q4,2024,Friday,,FY2025
20210901,2021-09-01,1.0,9,September,Q3,2021,Wednesday,False,FY2022
20240117,2024-01-17,17.0,1,January,Q1,2024,  Wednesday,False,FY2024
20230122,2023-01-22,22.0,1,January,Q1,2023,Sunday,True,FY2023
20221113,2022-11-13,13.0,11,NOVEMBER   ,Q4,2022,Sunday,True,FY2023
20230917,2023-09-17,17.0,9,September,  Q3,2023,  SUNDAY,,FY2024
20240513,2024-05-13,13.0,5,May,Q2,2024,Monday,False,FY2025
20241213,2024-12-13,,12,December,Q4,2024,Friday,False,FY2025
20240805,2024-08-05,,8,August,Q3,2024,Monday,False,FY2025
20221011,2022-10-11,11.0,10,October,Q4,2022,Tuesday,False,FY2023
20240405,2024-04-05,5.0,4,APRIL   ,Q2,2024,Friday,False,Fy2025
20220819,2022-08-19,19.0,8,august,Q3,2022,Friday,False,FY2023
20211110,2021-11-10,10.0,11,November,Q4,2021,Wednesday,False,FY2022
20230723,2023-07-23,23.0,7,july,Q3,2023,Sunday,True,FY2024
20210605,2021-06-05,5.0,6,June,Q2,2021,Saturday,True,FY2022
20241012,2024-10-12,12.0,10,October,Q4,2024,Saturday   ,True,FY2025
20241106,2024-11-06,6.0,11,  November,Q4,2024,Wednesday,False,  FY2025  
20240727,2024-07-27,27.0,7,July,q3,2024,Saturday,True,FY2025
20240225,2024-02-25,25.0,2,February,Q1,2024,Sunday,True,FY2024
20230927,2023-09-27,27.0,9,September,Q3,2023,Wednesday,False,FY2024
20221004,2022-10-04,4.0,10,October,Q4,2022,Tuesday,False,FY2023
20230627,2023-06-27,27.0,6,June,Q2,2023,Tuesday,False,FY2024
20231113,2023-11-13,13.0,11,November,Q4,2023,MONDAY,False,FY2024
20230814,2023-08-14,14.0,8,AUGUST,Q3,2023,Monday,False,FY2024
20241216,2024-12-16,16.0,12,December,Q4,2024,MONDAY   ,,FY2025
20240730,2024-07-30,30.0,7,July,Q3,2024,Tuesday,False,FY2025
20220325,2022-03-25,25.0,3,March,Q1,2022,Friday,False,FY2022
20220207,2022-02-07,7.0,2,February,Q1,2022,MONDAY,False,FY2022   
20241023,2024-10-23,23.0,10,October   ,Q4,2024,Wednesday,False,FY2025
20210126,2021-01-26,26.0,1,January,Q1,2021,Tuesday,False,FY2021
20210716,2021-07-16,16.0,7,July,Q3,2021,Friday,False,FY2022
20231225,2023-12-25,25.0,12,December,Q4,2023,Monday,,FY2024
20210116,2021-01-16,16.0,1,JANUARY,Q1,2021,saturday,True,FY2021
20221104,2022-11-04,4.0,11,  November,Q4,2022,Friday,False,FY2023
20240814,2024-08-14,14.0,8,  AUGUST,Q3,2024,Wednesday,False,FY2025
20230603,2023-06-03,3.0,6,  june,Q2,2023,Saturday,,FY2024
20220914,2022-09-14,14.0,9,September,Q3,2022,Wednesday,False,FY2023
20240922,2024-09-22,22.0,9,September,Q3,2024,Sunday,True,FY2025
20231117,2023-11-17,17.0,11,November,Q4,2023,Friday,False,FY2024
20230531,2023-05-31,31.0,5,May,  Q2  ,2023,Wednesday,False,Fy2024
20231204,2023-12-04,4.0,12,December,Q4,2023,Monday,False,FY2024
20220513,2022-05-13,13.0,5,May,Q2,2022,Friday,False,FY2023
20230304,2023-03-04,4.0,3,March,Q1,2023,Saturday,True,FY2023
20230823,2023-08-23,23.0,8,  August,Q3,2023,Wednesday,False,FY2024
20220531,2022-05-31,31.0,5,May,Q2,2022,Tuesday,,fy2023
20221127,2022-11-27,27.0,11,November,  Q4  ,2022,Sunday,True,  FY2023
20240816,2024-08-16,16.0,8,AUGUST,Q3,2024,Friday,False,FY2025
20220221,2022-02-21,21.0,2,February,Q1,2022,Monday,False,  FY2022  
20241112,2024-11-12,12.0,11,November,Q4,2024,Tuesday,False,FY2025
20240101,2024-01-01,1.0,1,January   ,Q1,2024,Monday,False,FY2024
20220627,2022-06-27,27.0,6,June,Q2,2022,Monday,False,FY2023
20220402,2022-04-02,2.0,4,April,Q2,2022,saturday   ,,FY2023
20220926,2022-09-26,,9,september,Q3,2022,Monday,False,fy2023
20220308,2022-03-08,8.0,3,  March  ,Q1,2022,Tuesday,False,FY2022
20220920,2022-09-20,20.0,9,September,Q3,2022,Tuesday,False,FY2023
20220814,2022-08-14,14.0,8,August,Q3,2022,Sunday,True,FY2023
20221230,2022-12-30,30.0,12,December,Q4,2022,FRIDAY,False,FY2023
20240712,2024-07-12,12.0,7,July,Q3,2024,Friday,False,FY2025
20210729,2021-07-29,29.0,7,July,Q3,2021,Thursday,False,FY2022
20211113,2021-11-13,13.0,11,  NOVEMBER,Q4,2021,Saturday,True,FY2022
20220529,2022-05-29,29.0,5,May,Q2   ,2022,  Sunday,True,FY2023
20240830,2024-08-30,30.0,8,August,Q3,2024,Friday,False,FY2025
20240416,2024-04-16,16.0,4,April,Q2,2024,  tuesday,False,FY2025
20230410,2023-04-10,10.0,4,  April,Q2,2023,Monday,,FY2024
20211116,2021-11-16,16.0,11,  november,Q4,2021,Tuesday,,FY2022
20231029,2023-10-29,29.0,10,October,Q4,2023,Sunday,True,FY2024
20241118,2024-11-18,18.0,11,November,Q4,2024,Monday,False,FY2025
20210522,2021-05-22,22.0,5,May,Q2,2021,Saturday,,FY2022
20240116,2024-01-16,16.0,1,January,  q1  ,2024,Tuesday,,FY2024   
20210902,2021-09-02,2.0,9,september,Q3,2021,Thursday,,FY2022   
20240210,2024-02-10,10.0,2,February,Q1,2024,  Saturday,True,FY2024
20230124,2023-01-24,24.0,1,January,Q1,2023,Tuesday   ,,FY2023
20230929,2023-09-29,29.0,9,September,Q3,2023,Friday,False,FY2024
20240524,2024-05-24,24.0,5,May,Q2,2024,Friday,False,FY2025
20220804,2022-08-04,4.0,8,August,Q3,2022,Thursday,False,FY2023
20220717,2022-07-17,17.0,7,July,Q3,2022,  Sunday,,FY2023
20220203,2022-02-03,3.0,2,February,Q1,2022,THURSDAY,False,FY2022
20221031,2022-10-31,31.0,10,OCTOBER,Q4,2022,Monday,False,FY2023
20230708,2023-07-08,8.0,7,July,Q3,2023,Saturday,True,FY2024
20210910,2021-09-10,10.0,9,September,Q3,2021,Friday,False,FY2022
20230627,2023-06-27,27.0,6,June,Q2,2023,Tuesday,False,FY2024
20220414,2022-04-14,14.0,4,APRIL,Q2,2022,thursday,False,FY2023
20230704,2023-07-04,4.0,7,July,Q3,2023,Tuesday,False,FY2024
20211224,2021-12-24,24.0,12,December,Q4,2021,Friday,False,  FY2022
20240702,2024-07-02,2.0,7,July,Q3,2024,Tuesday,False,FY2025
20240724,2024-07-24,24.0,7,  July,Q3,2024,WEDNESDAY,False,FY2025
20240417,2024-04-17,17.0,4,April,Q2,2024,wednesday,False,FY2025
20240729,2024-07-29,29.0,7,july,Q3,2024,Monday,False,FY2025
20241115,2024-11-15,15.0,11,November,Q4,2024,Friday,False,FY2025
20220524,2022-05-24,24.0,5,May,Q2,2022,TUESDAY,False,FY2023
20230120,2023-01-20,20.0,1,January,Q1,2023,Friday,False,FY2023
20240923,2024-09-23,,9,  September  ,Q3,2024,Monday,False,FY2025
20210510,2021-05-10,10.0,5,May,Q2,2021,Monday,False,FY2022
20210525,2021-05-25,25.0,5,May,Q2,2021,Tuesday,False,FY2022
20230819,2023-08-19,19.0,8,  AUGUST,Q3,2023,SATURDAY,True,FY2024
20230428,2023-04-28,28.0,4,April,Q2,2023,Friday,False,FY2024
20221030,2022-10-30,30.0,10,October,Q4,2022,Sunday,True,FY2023
20221217,2022-12-17,17.0,12,December,Q4,2022,Saturday,True,  FY2023
20230625,2023-06-25,25.0,6,June,Q2,2023,Sunday,True,FY2024
20230619,2023-06-19,19.0,6,  june,Q2,2023,Monday,False,FY2024
20240102,2024-01-02,2.0,1,January,Q1,2024,  Tuesday,False,FY2024
20210824,2021-08-24,24.0,8,August,Q3,2021,Tuesday,False,FY2022
20231128,2023-11-28,28.0,11,  NOVEMBER  ,Q4,2023,Tuesday,False,FY2024
